dokument_index,dichte
0,0.3905736913
1,0.4087117702
2,0.4084362140
3,0.4340836013
4,0.4503597122
5,0.3960459184
6,0.4031198686
7,0.3941908714
8,0.3763188746
9,0.4202192448
10,0.4358365019
11,0.4110962567
12,0.4490276959
13,0.4389312977
14,0.4337539432
15,0.4297872340
16,0.4117190532
17,0.4339222615
18,0.3892466677
19,0.4266958425
20,0.4259115593
21,0.3995014023
22,0.4328593997
23,0.3496376812
24,0.3941553813
25,0.3926905132
26,0.4655396619
27,0.3920908708
28,0.3906976744
29,0.4189189189
30,0.3838797814
31,0.3648441492
32,0.3906581741
33,0.4348214286
34,0.4640287770
35,0.4377967711
36,0.4354430380
37,0.4459627329
38,0.3958714398
39,0.4048174048
40,0.4132501949
41,0.4101896616
42,0.4107962213
43,0.3565562914
44,0.4269141531
45,0.4254143646
46,0.4649446494
47,0.3874709977
48,0.4127259223
49,0.4121260758
50,0.4522058824
51,0.4358149889
52,0.4321152856
53,0.3850000000
54,0.4448201244
55,0.4878542510
56,0.4002447980
57,0.4062050007
58,0.4380165289
59,0.4638658097
60,0.4182983268
61,0.4014433920
62,0.4470644851
63,0.4089488528
64,0.3870402802
65,0.4036144578
66,0.3997955010
67,0.4275618375
68,0.4516129032
69,0.4094350612
70,0.3805418719
71,0.3981086028
72,0.3945895522
73,0.4322033898
74,0.4164648910
75,0.4155124654
76,0.4543973941
77,0.4656716418
78,0.4256410256
79,0.3756145526
80,0.4070864135
81,0.4296286507
82,0.4109414758
83,0.4035989717
84,0.4310139391
85,0.3930211203
86,0.4228742094
87,0.4265927978
88,0.3979460847
89,0.4289732771
90,0.3954828301
91,0.4299578059
92,0.3991312741
93,0.3452054795
94,0.3876600698
95,0.4052684904
96,0.4118757159
97,0.4152249135
98,0.4312865497
99,0.4090610637
100,0.4383591534
101,0.3811359548
102,0.3596059113
103,0.4287564767
104,0.3745019920
105,0.4233825199
106,0.4116094987
107,0.4025470653
108,0.4110169492
109,0.3950338600
110,0.4209265176
111,0.4074483267
112,0.4302521008
113,0.3731958763
114,0.4167515275
115,0.4340659341
116,0.4305088814
117,0.4134615385
118,0.4383708467
119,0.4375987362
120,0.4160633314
121,0.4103260870
122,0.4144838213
123,0.3871339636
124,0.4318869828
125,0.4234432234
126,0.3876811594
127,0.4498933902
128,0.4109461349
129,0.4065446478
130,0.3877901978
131,0.3674351585
132,0.3925788497
133,0.4847775176
134,0.4018058691
135,0.3828715365
136,0.3782312925
137,0.4031531532
138,0.4246987952
139,0.3724410172
140,0.3918999404
141,0.3866666667
142,0.4186746988
143,0.4459783914
144,0.4070701660
145,0.4675925926
146,0.3218562874
147,0.4203083617
148,0.4047829938
149,0.4476635514
150,0.4027777778
151,0.4556451613
152,0.4299666508
153,0.4287764621
154,0.4347826087
155,0.3906020558
156,0.3982664234
157,0.4018404908
158,0.4216867470
159,0.4148506860
160,0.4812450120
161,0.3914807302
162,0.4076655052
163,0.4583513164
164,0.4128576737
165,0.4291748803
166,0.4059736359
167,0.3717171717
168,0.4200000000
169,0.4253611557
170,0.4280510018
171,0.3813306852
172,0.3657718121
173,0.4319955407
174,0.4351039261
175,0.3948671769
176,0.4041405874
177,0.4411134904
178,0.4111455108
179,0.4109589041
180,0.4194165471
181,0.4286935157
182,0.4086223055
183,0.3855693348
184,0.4175443876
185,0.4700854701
186,0.4152249135
187,0.3801948698
188,0.4250825083
189,0.4463971880
190,0.3746366279
191,0.4268032437
192,0.3798155182
193,0.4259259259
194,0.3605095541
195,0.3617747440
196,0.4250681199
197,0.4435967302
198,0.3716517857
199,0.3692946058
200,0.4081041968
201,0.4496527778
202,0.4446126672
203,0.3998775260
204,0.4362606232
205,0.3717080512
206,0.4079238388
207,0.3923497268
208,0.3887222555
209,0.4353741497
210,0.4213333333
211,0.4197578444
212,0.4196428571
213,0.4380321665
214,0.3729903537
215,0.4050067054
216,0.4135876043
217,0.3932635412
218,0.3895027624
219,0.4212548015
220,0.4646860987
221,0.3719887955
222,0.4456521739
223,0.4140786749
224,0.3974995404
225,0.3989690722
226,0.4056977051
227,0.3382078407
228,0.4154795821
229,0.4022801303
230,0.4052044610
231,0.5164193627
232,0.4196478267
233,0.4200298954
234,0.4135678392
235,0.3937007874
236,0.4226804124
237,0.4011350060
238,0.4724014337
239,0.3860579240
240,0.4127659574
241,0.3789868668
242,0.4650283554
243,0.3945852535
244,0.3846153846
245,0.5035765379
246,0.4462151394
247,0.3838383838
248,0.3901234568
249,0.3549946294
250,0.3965798046
251,0.4520341537
252,0.4000000000
253,0.3722627737
254,0.4888888889
255,0.4319890636
256,0.4156123822
257,0.4145088808
258,0.3785572469
259,0.3924731183
260,0.4130575307
261,0.4016709512
262,0.3726298434
263,0.3768464445
264,0.3888888889
265,0.4370370370
266,0.4173584906
267,0.4129870130
268,0.3884462151
269,0.3921221509
270,0.4140845070
271,0.3365949119
272,0.4146427314
273,0.3397037745
274,0.4226646248
275,0.4119718310
276,0.4260089686
277,0.4104729730
278,0.4230585993
279,0.4035502959
280,0.3953947368
281,0.4136481889
282,0.3911408549
283,0.3821399839
284,0.3846153846
285,0.4432855280
286,0.3933054393
287,0.3910917979
288,0.4278688525
289,0.4250960307
290,0.4338153504
291,0.4190177638
292,0.3661784288
293,0.3949843260
294,0.3758700696
295,0.4244235696
296,0.4244532803
297,0.4092526690
298,0.4059717129
299,0.4066317627
300,0.4326140785
301,0.4205801105
302,0.4162561576
303,0.4423868313
304,0.3923444976
305,0.4150197628
306,0.3989196252
307,0.4090046794
308,0.3810032017
309,0.4082330213
310,0.4601837672
311,0.4290147401
312,0.3923404255
313,0.4665427509
314,0.4220532319
315,0.4108873975
316,0.4267100977
317,0.4528521537
318,0.4922600619
319,0.4504000000
320,0.4186915888
321,0.3970000000
322,0.4331210191
323,0.4054054054
324,0.4380089809
325,0.3642105263
326,0.4045881126
327,0.3960244648
328,0.3441872982
329,0.4250474383
330,0.4190632703
331,0.4718614719
332,0.4312638581
333,0.4216194655
334,0.4280024510
335,0.4190418435
336,0.4028144239
337,0.3989769821
338,0.3896713615
339,0.3943462898
340,0.4452736318
341,0.4168937330
342,0.4841824419
343,0.3985629755
344,0.3887086308
345,0.4088050314
346,0.3962264151
347,0.4049466537
348,0.4671916010
349,0.4274725775
350,0.4212020823
351,0.3845386534
352,0.3844363153
353,0.4231946695
354,0.3979941292
355,0.4353741497
356,0.4651763716
357,0.4165745856
358,0.4147952444
359,0.4053030303
360,0.3972206138
361,0.3550724638
362,0.3885350318
363,0.4179487179
364,0.4033953112
365,0.4641880809
366,0.4371584699
367,0.4071958881
368,0.3828337875
369,0.3600000000
370,0.3046683047
371,0.3927091964
372,0.4003044140
373,0.4146341463
374,0.4049930652
375,0.4215696101
376,0.4235588972
377,0.3857388316
378,0.4273872679
379,0.3903435218
380,0.4427244582
381,0.3873563218
382,0.4189944134
383,0.4072398190
384,0.3734729494
385,0.4086700337
386,0.3995145631
387,0.4113756614
388,0.3856502242
389,0.4086727989
390,0.4063157895
391,0.3854970245
392,0.4330775789
393,0.3978723404
394,0.4119769120
395,0.3750000000
396,0.4287856072
397,0.3923006867
398,0.4144736842
399,0.4369170349
400,0.4300000000
401,0.4032411821
402,0.3787558189
403,0.4241982507
404,0.4215219976
405,0.4122055675
406,0.3904220779
407,0.4158249158
408,0.4230769231
409,0.4025974026
410,0.3724770642
411,0.3454749229
412,0.3691796009
413,0.4455696203
414,0.3971428571
415,0.3910287665
416,0.4199384142
417,0.4170616114
418,0.4162702969
419,0.4332810047
420,0.4003202562
421,0.4037974684
422,0.4384303112
423,0.3932806324
424,0.4015280136
425,0.4300405111
426,0.4082186347
427,0.3950914341
428,0.3952270081
429,0.3536121673
430,0.4021381579
431,0.4444444444
432,0.4191802011
433,0.3857847165
434,0.3796992481
435,0.4316939891
436,0.4720077220
437,0.4126984127
438,0.3971631206
439,0.4517045455
440,0.3980309423
441,0.4161692892
442,0.4187725632
443,0.3941841680
444,0.4337748344
445,0.3489461358
446,0.4087722452
447,0.3948562784
448,0.3956170073
449,0.4241435563
450,0.4167822469
451,0.4283054004
452,0.3949483352
453,0.3504424779
454,0.4249485949
455,0.4282584885
456,0.4320050601
457,0.4187387387
458,0.4127126231
459,0.3773584906
460,0.4533551555
461,0.4045307443
462,0.3998532649
463,0.4306326304
464,0.3876651982
465,0.4293478261
466,0.4601769912
467,0.4174757282
468,0.4004683841
469,0.3724696356
470,0.4093082115
471,0.4085616438
472,0.3492063492
473,0.3906179522
474,0.3644067797
475,0.4115815691
476,0.4410576570
477,0.3653136531
478,0.4106886657
479,0.4094955490
480,0.4000000000
481,0.4337899543
482,0.4094243792
483,0.4216154721
484,0.4071969697
485,0.4077079108
486,0.4064885496
487,0.4090909091
488,0.4204685573
489,0.4690382082
490,0.3586448598
491,0.4576856649
492,0.3994169096
493,0.4171286031
494,0.4009060023
495,0.3825824551
496,0.4137142857
497,0.4226393629
498,0.4176632935
499,0.4126074499
500,0.3989501312
501,0.4510712218
502,0.3698830409
503,0.4125874126
504,0.3795455615
505,0.3492647059
506,0.4345749761
507,0.4092307692
508,0.4055727554
509,0.4320388350
510,0.4132855256
511,0.4186991870
512,0.4175531915
513,0.4193657220
514,0.4162269129
515,0.3826086957
516,0.4001816150
517,0.3416927900
518,0.3857350801
519,0.3724340176
520,0.4029003783
521,0.4195624196
522,0.4321533923
523,0.4212461030
524,0.4014167651
525,0.4308700834
526,0.4274028630
527,0.3878986100
528,0.4264780192
529,0.3711711712
530,0.4104803493
531,0.3516998828
532,0.4329501916
533,0.4244767971
534,0.4419970631
535,0.4135971374
536,0.4010484928
537,0.4327981238
538,0.4024084295
539,0.3840665874
540,0.3968673335
541,0.4437706725
542,0.3956250000
543,0.3944844125
544,0.3770380435
545,0.3907172996
546,0.4797979798
547,0.4124700240
548,0.3966033966
549,0.4785668586
550,0.3856858847
551,0.4573991031
552,0.3916500994
553,0.3865470852
554,0.4227129338
555,0.3691756272
556,0.3832167832
557,0.4451827243
558,0.3768796992
559,0.4129275031
560,0.4193735499
561,0.3926174497
562,0.4309419229
563,0.3948296122
564,0.4064386318
565,0.2884473878
566,0.4521072797
567,0.3915789474
568,0.4825964252
569,0.3924369748
570,0.4311094996
571,0.3915525114
572,0.4022606383
573,0.3715277778
574,0.3700495050
575,0.3862179487
576,0.4367726920
577,0.4102426599
578,0.4079136691
579,0.4175704989
580,0.4365079365
581,0.4201424212
582,0.3719298246
583,0.4005747126
584,0.4185520362
585,0.4301020408
586,0.4448529412
587,0.4196675900
588,0.3548009368
589,0.3954797048
590,0.4226506024
591,0.3619817998
592,0.3784273151
593,0.4286684783
594,0.3610294118
595,0.4585414585
596,0.3657142857
597,0.4808080808
598,0.4042063753
599,0.3750000000
600,0.3307406155
601,0.4427312775
602,0.3835849976
603,0.3966942149
604,0.4294117647
605,0.4206241520
606,0.4101315149
607,0.3972055888
608,0.4256694367
609,0.3630470016
610,0.4009740260
611,0.4382336501
612,0.3959798995
613,0.4355195284
614,0.4603134157
615,0.4076116933
616,0.4557251908
617,0.4344262295
618,0.4272409779
619,0.4243697479
620,0.5127118644
621,0.3939393939
622,0.3651011313
623,0.4632867133
624,0.4237623762
625,0.4123408423
626,0.4122541604
627,0.4323671498
628,0.3737201365
629,0.3865030675
630,0.3911980440
631,0.4001183432
632,0.4120684092
633,0.4128492412
634,0.4069565217
635,0.4015416959
636,0.3928046990
637,0.3953488372
638,0.3986155177
639,0.3851485149
640,0.3972438586
641,0.4472769409
642,0.4026490066
643,0.3977827051
644,0.3970736630
645,0.4197368421
646,0.3788085493
647,0.4012345679
648,0.4425981873
649,0.4067127345
650,0.4674726540
651,0.3753046304
652,0.4294324460
653,0.3931962025
654,0.3953646898
655,0.3603238866
656,0.4289940828
657,0.4184704185
658,0.3691460055
659,0.3910186199
660,0.3704052780
661,0.4375000000
662,0.3947730399
663,0.3879598662
664,0.4049266538
665,0.4121715076
666,0.4318181818
667,0.4144518272
668,0.4346504559
669,0.4183397143
670,0.3993480033
671,0.4041116907
672,0.3719912473
673,0.4482475917
674,0.3722334004
675,0.3934010152
676,0.3954451346
677,0.3679245283
678,0.4367816092
679,0.3893996755
680,0.3863388894
681,0.4193037975
682,0.3923631032
683,0.3993621545
684,0.3890160183
685,0.4292114695
686,0.4174541412
687,0.4252418646
688,0.4150087260
689,0.4166374166
690,0.4219878648
691,0.3885135135
692,0.3717848792
693,0.4206063008
694,0.3623931624
695,0.4136037178
696,0.4141274238
697,0.3904528764
698,0.3952830189
699,0.4345323741
700,0.3867678713
701,0.4690909091
702,0.3745819398
703,0.4282905907
704,0.4283646889
705,0.4063004847
706,0.2970749543
707,0.3780207135
708,0.4251918159
709,0.3981945838
710,0.4066130474
711,0.4115555556
712,0.4750957854
713,0.3697478992
714,0.4279441118
715,0.4081858407
716,0.3927048792
717,0.4259259259
718,0.4287330317
719,0.4203980100
720,0.3667687596
721,0.3369175627
722,0.3943418014
723,0.4416666667
724,0.4285714286
725,0.4143370432
726,0.3401297498
727,0.3869047619
728,0.4241466498
729,0.4120234604
730,0.4244663383
731,0.4061845197
732,0.4171584980
733,0.4225804420
734,0.4539325843
735,0.4042879020
736,0.4188347380
737,0.3910788382
738,0.4636459431
739,0.4428399519
740,0.4247104247
741,0.4594726562
742,0.4364840458
743,0.3921719110
744,0.4352941176
745,0.4149089166
746,0.3532641855
747,0.4402692092
748,0.4066237351
749,0.4488697524
750,0.4099453406
751,0.3832271762
752,0.4115822130
753,0.3652743653
754,0.4014705882
755,0.4958890031
756,0.4256329114
757,0.3723577236
758,0.4105960265
759,0.3919413919
760,0.3940886700
761,0.4325955734
762,0.4174135723
763,0.3913043478
764,0.4051012753
765,0.3947190251
766,0.3369565217
767,0.4342688331
768,0.4199029126
769,0.3552361396
770,0.3215767635
771,0.4035234899
772,0.4189364462
773,0.3864024599
774,0.4037553277
775,0.4228716645
776,0.3935116916
777,0.4083503055
778,0.4162929746
779,0.4111649248
780,0.4184184184
781,0.4483695652
782,0.3813229572
783,0.3845628415
784,0.3597352690
785,0.4241563055
786,0.4026387625
787,0.4151724138
788,0.4563699825
789,0.4264516129
790,0.4069861246
791,0.4139840520
792,0.3957446809
793,0.3565998618
794,0.4417266187
795,0.4111232279
796,0.4296407186
797,0.4288064802
798,0.4272388060
799,0.3982074264
800,0.3894496286
801,0.3848837209
802,0.3811305071
803,0.4217687075
804,0.4217446098
805,0.4055354994
806,0.3943781942
807,0.4057486631
808,0.3500000000
809,0.4169543716
810,0.3980093071
811,0.4515625000
812,0.4008813654
813,0.4448529412
814,0.4066444629
815,0.5220804711
816,0.4308943089
817,0.4106230848
818,0.3803380783
819,0.4073083779
820,0.4063116371
821,0.3896713615
822,0.3988703020
823,0.4227555826
824,0.4121976866
825,0.4142384106
826,0.4204946996
827,0.4525329928
828,0.3631647211
829,0.3921508975
830,0.4164458774
831,0.4966824645
832,0.4003649159
833,0.3693045564
834,0.4206842924
835,0.4093423479
836,0.4381949517
837,0.4315890542
838,0.3667296786
839,0.4109848485
840,0.3609022556
841,0.3775609756
842,0.4118343195
843,0.4335937500
844,0.4128738622
845,0.3983844911
846,0.4217335058
847,0.4023372287
848,0.4009406232
849,0.3345864662
850,0.4129267025
851,0.3715415020
852,0.4000994036
853,0.4216867470
854,0.3876454790
855,0.3731574864
856,0.4343317972
857,0.3943298969
858,0.4476885645
859,0.4184261036
860,0.4035689774
861,0.4068493151
862,0.3972602740
863,0.4413024850
864,0.3700384123
865,0.4921465969
866,0.3539682540
867,0.4386467890
868,0.3796095445
869,0.4063116371
870,0.4308510638
871,0.4059351277
872,0.4413407821
873,0.4282584885
874,0.3767880364
875,0.4190839695
876,0.4171891892
877,0.3998226950
878,0.4235807860
879,0.4097250168
880,0.3974056604
881,0.4086956522
882,0.4169122512
883,0.4400564175
884,0.3933067562
885,0.4399371892
886,0.4321131258
887,0.4321728691
888,0.4042335018
889,0.3935742972
890,0.4304635762
891,0.4073033708
892,0.4328767123
893,0.4615384615
894,0.4262114537
895,0.4146591492
896,0.4504919073
897,0.4517745303
898,0.4049747377
899,0.4132420091
900,0.4303656154
901,0.4167393200
902,0.4237288136
903,0.4825870647
904,0.4105501751
905,0.4079110012
906,0.4277146465
907,0.4315577020
908,0.4342857143
909,0.4393530997
910,0.3666666667
911,0.3841642229
912,0.4242199108
913,0.3940493469
914,0.4060388669
915,0.4107142857
916,0.3871206514
917,0.4072483221
918,0.4189189189
919,0.4076715803
920,0.3909090909
921,0.3850974930
922,0.4433399602
923,0.3813953488
924,0.5022624434
925,0.4308510638
926,0.4127272727
927,0.4369063772
928,0.3997884717
929,0.4413706740
930,0.4575835476
931,0.4491475603
932,0.4456902593
933,0.3922077922
934,0.3822597677
935,0.4110169492
936,0.3922472215
937,0.3786191537
938,0.4092140921
939,0.4156431803
940,0.3836246550
941,0.4321329640
942,0.4063561378
943,0.3944352435
944,0.4090443935
945,0.3893805310
946,0.4384816754
947,0.4262465374
948,0.3825363825
949,0.4346754314
950,0.3667232598
951,0.3803706824
952,0.3933865450
953,0.4709976798
954,0.3716258632
955,0.3660079051
956,0.4016168813
957,0.4119850187
958,0.4260204082
959,0.3967861557
960,0.4297370807
961,0.4036809816
962,0.3173537872
963,0.4102726696
964,0.3310810811
965,0.4389288047
966,0.4210691824
967,0.3663177926
968,0.3665893271
969,0.4022801303
970,0.4115646259
971,0.3805732484
972,0.3827493261
973,0.4137931034
974,0.4337349398
975,0.4114544084
976,0.3399503722
977,0.4003350084
978,0.3806921676
979,0.4329501916
980,0.4029587661
981,0.4137022398
982,0.3788121990
983,0.3865406007
984,0.3950000000
985,0.4238410596
986,0.4264550265
987,0.3781749765
988,0.4220050670
989,0.3930555556
990,0.4077940153
991,0.3960629921
992,0.3857493857
993,0.3967911139
994,0.4072433559
995,0.3832528180
996,0.3978746616
997,0.4179455274
998,0.3940963231
999,0.4000000000
1000,0.4030612245
1001,0.4128908743
1002,0.3726235741
1003,0.4146017045
1004,0.3940789474
1005,0.4333672431
1006,0.4168190128
1007,0.4054054054
1008,0.3848797251
1009,0.4335532516
1010,0.4626690182
1011,0.4524404086
1012,0.4401805869
1013,0.5431309904
1014,0.4052287582
1015,0.3979057592
1016,0.4167550371
1017,0.4077849861
1018,0.4491626794
1019,0.4339414041
1020,0.3996983409
1021,0.4121004566
1022,0.4056847545
1023,0.4461139896
1024,0.4142857143
1025,0.4017467249
1026,0.3910891089
1027,0.3797647059
1028,0.3745892662
1029,0.4103122731
1030,0.3767705382
1031,0.3326315789
1032,0.4031044214
1033,0.4058115235
1034,0.3798449612
1035,0.3988895383
1036,0.4094232331
1037,0.3834745763
1038,0.4288895074
1039,0.4033149171
1040,0.3662337662
1041,0.3865271419
1042,0.4206896552
1043,0.4292172258
1044,0.4151329243
1045,0.3923611111
1046,0.4179012346
1047,0.4268204758
1048,0.3210332103
1049,0.4055374593
1050,0.4098461538
1051,0.3911234397
1052,0.3860354597
1053,0.4370179949
1054,0.4117647059
1055,0.4147909968
1056,0.4503713707
1057,0.4206222577
1058,0.4558823529
1059,0.4008307373
1060,0.4374471682
1061,0.3846731781
1062,0.3780487805
1063,0.3751868460
1064,0.4027657736
1065,0.4118970257
1066,0.4510489510
1067,0.4434229137
1068,0.3864541833
1069,0.4275788348
1070,0.3607305936
1071,0.3287514318
1072,0.3363914373
1073,0.4078478002
1074,0.4123730044
1075,0.4086021505
1076,0.4057341442
1077,0.4015632633
1078,0.4005745292
1079,0.3622047244
1080,0.4324866310
1081,0.3936254980
1082,0.3858208955
1083,0.4401622718
1084,0.4527296937
1085,0.3920838184
1086,0.4221198157
1087,0.3754427391
1088,0.3786863271
1089,0.4211764706
1090,0.4166666667
1091,0.4193764666
1092,0.4137931034
1093,0.4025974026
1094,0.3934929405
1095,0.4242424242
1096,0.3967327888
1097,0.4383115442
1098,0.3719582851
1099,0.3920863309
1100,0.4394366197
1101,0.3779735683
1102,0.3804392029
1103,0.4020559680
1104,0.4544221378
1105,0.3757396450
1106,0.4028436019
1107,0.4249084249
1108,0.4091013560
1109,0.4377049180
1110,0.3963838665
1111,0.4146608315
1112,0.3673036093
1113,0.4003488879
1114,0.4288747346
1115,0.4084899095
1116,0.4493927126
1117,0.3994065282
1118,0.4236453202
1119,0.4102320274
1120,0.4020844761
1121,0.3884839650
1122,0.4573110893
1123,0.3969974979
1124,0.4091662065
1125,0.3788150808
1126,0.3848580442
1127,0.4102982638
1128,0.4140127389
1129,0.4367726920
1130,0.3613138686
1131,0.3832199546
1132,0.4483870968
1133,0.4482758621
1134,0.4078483245
1135,0.4259201497
1136,0.4164570607
1137,0.3929777178
1138,0.4085993142
1139,0.3991964938
1140,0.4293520687
1141,0.3630188679
1142,0.4201945396
1143,0.4122042341
1144,0.3712686567
1145,0.4578499613
1146,0.3623595506
1147,0.3802453196
1148,0.4261586803
1149,0.4753651412
1150,0.4053250037
1151,0.3947368421
1152,0.4134841629
1153,0.4226884227
1154,0.4421613394
1155,0.3898257183
1156,0.3993639255
1157,0.4147331787
1158,0.4260532346
1159,0.4033755274
1160,0.3616229624
1161,0.3970588235
1162,0.4106149958
1163,0.4277751974
1164,0.4330518697
1165,0.4285714286
1166,0.4090692124
1167,0.4518479958
1168,0.3951020860
1169,0.4008264463
1170,0.4060606061
1171,0.3785310734
1172,0.2994683993
1173,0.4152604549
1174,0.3603988604
1175,0.4048257373
1176,0.4025559105
1177,0.4096361455
1178,0.4250000000
1179,0.4749034749
1180,0.3745928339
1181,0.4400760938
1182,0.3870779977
1183,0.4032882012
1184,0.4716157205
1185,0.3763919822
1186,0.4007782101
1187,0.4287257019
1188,0.4717868339
1189,0.4494563029
1190,0.4302477184
1191,0.4071385360
1192,0.4251069900
1193,0.4039847393
1194,0.4198895028
1195,0.4060339409
1196,0.4190064795
1197,0.4095970117
1198,0.4175824176
1199,0.3809523810
1200,0.3947163947
1201,0.4150211085
1202,0.4094234709
1203,0.3662049861
1204,0.4197125257
1205,0.4144295302
1206,0.4140926641
1207,0.4257720075
1208,0.3918495298
1209,0.4005695301
1210,0.4209260373
1211,0.3797216700
1212,0.4332596685
1213,0.4324089542
1214,0.4142427282
1215,0.4245249193
1216,0.4036363636
1217,0.4195555556
1218,0.4230322393
1219,0.4140625000
1220,0.4375945537
1221,0.4010152284
1222,0.3730886850
1223,0.4241446094
1224,0.3688663283
1225,0.3891402715
1226,0.4396218307
1227,0.4285714286
1228,0.4157096922
1229,0.3910761155
1230,0.4249201278
1231,0.4300000000
1232,0.3909774436
1233,0.4027081244
1234,0.3909073971
1235,0.3978906999
1236,0.3765182186
1237,0.4225146199
1238,0.4590964591
1239,0.4021739130
1240,0.4056162246
1241,0.4488243430
1242,0.3734590283
1243,0.4249229414
1244,0.3983572895
1245,0.4103019538
1246,0.4165103189
1247,0.4376321353
1248,0.4033045437
1249,0.4025477707
1250,0.4097444089
1251,0.4144996060
1252,0.4138084633
1253,0.4122448980
1254,0.4207589286
1255,0.4003837544
1256,0.4806934594
1257,0.4402654867
1258,0.4391233766
1259,0.4322766571
1260,0.3890577508
1261,0.3964094098
1262,0.5001423285
1263,0.4159877800
1264,0.4060509554
1265,0.4760956175
1266,0.4256348247
1267,0.4456430137
1268,0.4029227557
1269,0.4561688312
1270,0.4409422694
1271,0.4159292035
1272,0.3867438867
1273,0.4297520661
1274,0.4056224900
1275,0.4194711538
1276,0.4227799228
1277,0.4149583239
1278,0.4630454141
1279,0.3961422110
1280,0.3862973761
1281,0.3915057915
1282,0.4092409241
1283,0.4129911788
1284,0.3887011106
1285,0.4087024087
1286,0.4292415950
1287,0.3790322581
1288,0.3866074732
1289,0.3979776092
1290,0.4232096635
1291,0.3691860465
1292,0.4282560706
1293,0.3835091083
1294,0.4318235156
1295,0.3865131579
1296,0.4082802548
1297,0.3499949202
1298,0.4047619048
1299,0.4255933291
1300,0.4137507673
1301,0.4023494860
1302,0.4104702245
1303,0.4147597254
1304,0.3891912908
1305,0.3592814371
1306,0.4390088945
1307,0.3863232682
1308,0.4300850859
1309,0.4190930788
1310,0.4175824176
1311,0.4555708121
1312,0.3908114558
1313,0.3781624501
1314,0.4204025618
1315,0.3630588235
1316,0.4309226933
1317,0.4278481013
1318,0.4003759398
1319,0.3844887883
1320,0.4213250518
1321,0.3571428571
1322,0.4708171206
1323,0.3839743590
1324,0.4148232180
1325,0.3597811218
1326,0.3905529954
1327,0.4624676445
1328,0.3554434030
1329,0.4297945205
1330,0.3837298542
1331,0.4096119929
1332,0.4231119199
1333,0.3658031088
1334,0.3788583510
1335,0.4144337263
1336,0.3982398240
1337,0.3870094723
1338,0.4018126888
1339,0.3922807810
1340,0.3831081081
1341,0.4138381201
1342,0.3706168416
1343,0.3927690306
1344,0.4414062500
1345,0.3896700919
1346,0.4022140221
1347,0.3835978836
1348,0.3283582090
1349,0.3349834983
1350,0.3773500448
1351,0.3909185804
1352,0.4000000000
1353,0.4299128102
1354,0.4222401289
1355,0.4254548666
1356,0.4528508772
1357,0.4652054795
1358,0.4403254973
1359,0.4138525155
1360,0.3497536946
1361,0.3881984747
1362,0.4584615385
1363,0.3991537377
1364,0.3961580283
1365,0.3024691358
1366,0.4102564103
1367,0.3707679604
1368,0.3854748603
1369,0.4752358491
1370,0.4247669774
1371,0.3166666667
1372,0.4111014744
1373,0.3941068140
1374,0.4390665514
1375,0.4124358419
1376,0.4081255771
1377,0.4022435897
1378,0.4161490683
1379,0.3918367347
1380,0.4016941837
1381,0.4205230099
1382,0.4252988816
1383,0.3595263724
1384,0.4120171674
1385,0.4166175604
1386,0.4462705436
1387,0.4041204437
1388,0.3893129771
1389,0.3675213675
1390,0.3916981132
1391,0.3976883562
1392,0.3746556474
1393,0.3903631285
1394,0.4258351893
1395,0.4513441495
1396,0.4492078285
1397,0.3990267640
1398,0.4228456914
1399,0.4132804757
1400,0.4048295455
1401,0.3894806924
1402,0.4047619048
1403,0.3756218905
1404,0.4095631235
1405,0.4139499621
1406,0.4302325581
1407,0.4146948941
1408,0.3750000000
1409,0.4027900797
1410,0.4211144013
1411,0.3349553933
1412,0.4029587240
1413,0.4188963211
1414,0.3772839506
1415,0.3435828877
1416,0.4211875267
1417,0.4471544715
1418,0.4120993479
1419,0.3832335329
1420,0.3884297521
1421,0.4000949968
1422,0.4356636272
1423,0.4262574595
1424,0.4238317757
1425,0.4254861932
1426,0.3826491516
1427,0.4240837696
1428,0.4068514242
1429,0.4368932039
1430,0.3970251716
1431,0.4135802469
1432,0.4038461538
1433,0.4189291101
1434,0.4057486631
1435,0.4017094017
1436,0.4189544942
1437,0.4403797822
1438,0.4163027656
1439,0.3521985198
1440,0.4362684729
1441,0.4064563463
1442,0.3935018051
1443,0.3692748759
1444,0.3847601129
1445,0.4092307692
1446,0.4256410256
1447,0.4054054054
1448,0.4014637629
1449,0.4255528256
1450,0.3963810174
1451,0.4060509554
1452,0.3904528764
1453,0.3789267016
1454,0.4023255814
1455,0.4210032189
1456,0.4031520081
1457,0.4297619048
1458,0.4145496536
1459,0.3923076923
1460,0.4020467836
1461,0.4162812211
1462,0.3760917031
1463,0.4078325456
1464,0.4226750261
1465,0.4489795918
1466,0.4007290401
1467,0.3963636364
1468,0.4243697479
1469,0.4041030534
1470,0.3765432099
1471,0.4373913043
1472,0.4143518519
1473,0.4108474576
1474,0.4116934262
1475,0.3761755486
1476,0.3668831169
1477,0.3988549618
1478,0.4161499056
1479,0.4218588284
1480,0.4320745463
1481,0.4291666667
1482,0.4153726708
1483,0.3566433566
1484,0.3666070973
1485,0.4022809746
1486,0.3893704007
1487,0.4229968783
1488,0.3967637540
1489,0.4101694915
1490,0.4589816124
1491,0.4096385542
1492,0.3982558140
1493,0.3728813559
1494,0.3843834312
1495,0.3544303797
1496,0.3988711195
1497,0.3859797297
1498,0.4258620690
1499,0.3454317897
1500,0.3895635674
1501,0.4123222749
1502,0.4391367604
1503,0.3869532987
1504,0.4069264069
1505,0.4019607843
1506,0.4100801833
1507,0.4510532838
1508,0.4233954451
1509,0.4533582090
1510,0.4074074074
1511,0.3461538462
1512,0.4008947006
1513,0.4495772947
1514,0.3596491228
1515,0.3810572687
1516,0.4640522876
1517,0.3258196721
1518,0.4113022842
1519,0.3814519346
1520,0.3785211268
1521,0.4170854271
1522,0.4059398110
1523,0.4201834862
1524,0.4105461394
1525,0.3800000000
1526,0.4452702703
1527,0.4268128397
1528,0.4033879375
1529,0.3877551020
1530,0.4312105007
1531,0.4116847826
1532,0.4136004623
1533,0.3634280477
1534,0.3869188337
1535,0.4001568217
1536,0.4089574156
1537,0.4004106776
1538,0.4388824214
1539,0.4255073801
1540,0.3787528868
1541,0.3938973648
1542,0.3785780240
1543,0.4277286136
1544,0.3971797885
1545,0.4209891748
1546,0.3935695258
1547,0.3808695652
1548,0.4136310223
1549,0.3870458136
1550,0.4179591837
1551,0.3891625616
1552,0.4146634615
1553,0.3633217993
1554,0.3279702970
1555,0.4469453376
1556,0.3978234583
1557,0.4014942981
1558,0.3585526316
1559,0.4036105738
1560,0.3663101604
1561,0.4331444759
1562,0.4019156799
1563,0.3915929204
1564,0.4305555556
1565,0.3707052441
1566,0.3689400164
1567,0.4151351351
1568,0.4379746835
1569,0.4269972452
1570,0.4001773050
1571,0.3700583279
1572,0.4069681245
1573,0.3995253165
1574,0.4433427762
1575,0.3992844365
1576,0.4197730956
1577,0.4282094595
1578,0.4311294766
1579,0.3985594238
1580,0.4217299839
1581,0.4023210832
1582,0.4129554656
1583,0.6327586207
1584,0.3972081218
1585,0.4328671329
1586,0.4349202883
1587,0.3876114500
1588,0.3380116959
1589,0.4435336976
1590,0.4228923920
1591,0.4539473684
1592,0.3743315508
1593,0.4011281730
1594,0.3193392980
1595,0.4432296047
1596,0.3950709485
1597,0.3619744059
1598,0.3767730496
1599,0.3982376350
1600,0.3903427132
1601,0.4231316726
1602,0.3531914894
1603,0.3934649421
1604,0.3822629969
1605,0.4129700681
1606,0.3955739972
1607,0.4001507159
1608,0.4337349398
1609,0.4239613860
1610,0.4264544457
1611,0.3899297424
1612,0.3932141775
1613,0.4253131426
1614,0.4351245085
1615,0.4513598326
1616,0.4143540670
1617,0.3884615385
1618,0.4014401440
1619,0.4126177856
1620,0.4244781638
1621,0.3984547461
1622,0.4424870466
1623,0.4073107050
1624,0.4089068826
1625,0.4276037257
1626,0.4116424116
1627,0.4045233324
1628,0.4275006814
1629,0.4126126126
1630,0.3758099352
1631,0.4279475983
1632,0.4105493437
1633,0.4574468085
1634,0.3872340426
1635,0.4397410359
1636,0.4223569734
1637,0.4342984410
1638,0.4002660795
1639,0.3867924528
1640,0.3566333809
1641,0.4176424668
1642,0.4036117381
1643,0.4321438606
1644,0.4161804745
1645,0.4152278086
1646,0.3841807910
1647,0.3896713615
1648,0.4286523216
1649,0.4169787765
1650,0.4727653631
1651,0.4299001033
1652,0.4330623306
1653,0.4307053942
1654,0.3641618497
1655,0.4043112850
1656,0.3964671246
1657,0.4251336898
1658,0.4343283582
1659,0.4107883817
1660,0.4240138708
1661,0.4133998574
1662,0.4203307207
1663,0.4581151832
1664,0.3635170604
1665,0.3673758865
1666,0.4186217009
1667,0.4216757741
1668,0.4077689376
1669,0.4028507127
1670,0.4115586690
1671,0.3350877193
1672,0.4074074074
1673,0.3808306709
1674,0.3503521127
1675,0.4284263959
1676,0.3996094113
1677,0.3520782396
1678,0.4216524217
1679,0.4372609028
1680,0.4596412556
1681,0.4397163121
1682,0.4389965792
1683,0.4029440844
1684,0.4307387863
1685,0.4107296137
1686,0.4190064795
1687,0.4206411259
1688,0.3814340970
1689,0.4374176548
1690,0.3977272727
1691,0.4126264248
1692,0.3949689037
1693,0.4163763066
1694,0.4341692790
1695,0.4067472947
1696,0.4174757282
1697,0.4053497942
1698,0.4122928177
1699,0.4180790960
1700,0.4092140921
1701,0.4834973943
1702,0.4151982379
1703,0.4402451481
1704,0.3974753695
1705,0.4146567718
1706,0.4088759549
1707,0.4573367809
1708,0.4362883493
1709,0.4278455285
1710,0.4311730048
1711,0.4065126050
1712,0.4103007259
1713,0.4257235676
1714,0.4782874618
1715,0.4423015108
1716,0.4178757980
1717,0.3988059701
1718,0.3868027707
1719,0.4197651663
1720,0.3588362069
1721,0.4328965206
1722,0.3973050225
1723,0.4428772920
1724,0.4271186441
1725,0.3564746985
1726,0.4366382141
1727,0.3849969002
1728,0.4239813906
1729,0.3853596203
1730,0.4318181818
1731,0.3812544045
1732,0.4038461538
1733,0.4250474383
1734,0.4164855751
1735,0.4088427948
1736,0.3758865248
1737,0.4150691039
1738,0.3963636364
1739,0.4097222222
1740,0.4107683941
1741,0.4309523810
1742,0.3679401993
1743,0.4133042530
1744,0.3661971831
1745,0.4390962672
1746,0.4442988204
1747,0.3903071562
1748,0.4111111111
1749,0.4268943436
1750,0.4049409237
1751,0.3730684327
1752,0.3947368421
1753,0.3671128107
1754,0.4617988395
1755,0.4196740396
1756,0.4407431134
1757,0.4379251701
1758,0.3909774436
1759,0.4282083863
1760,0.3811944091
1761,0.4471655329
1762,0.3628899836
1763,0.3673668784
1764,0.3445283019
1765,0.3837689133
1766,0.4155136268
1767,0.4470158343
1768,0.4116957260
1769,0.4471038775
1770,0.3900392717
1771,0.3380527541
1772,0.4203227433
1773,0.3870395029
1774,0.4073304364
1775,0.3927813163
1776,0.4076549210
1777,0.3944954128
1778,0.3433602348
1779,0.3055555556
1780,0.3893905192
1781,0.4052197802
1782,0.4342558038
1783,0.4153153557
1784,0.4003590664
1785,0.3938618926
1786,0.4144149885
1787,0.3941809486
1788,0.3758928571
1789,0.4341743692
1790,0.4022277228
1791,0.4357053683
1792,0.4059776306
1793,0.4255319149
1794,0.4076582443
1795,0.3799554566
1796,0.3713188220
1797,0.3757259001
1798,0.3502161828
1799,0.3922475107
1800,0.4284841076
1801,0.4229249012
1802,0.4379358438
1803,0.3964794635
1804,0.3811742777
1805,0.4372331341
1806,0.4192439863
1807,0.4037162162
1808,0.3897664835
1809,0.4431017120
1810,0.4364604125
1811,0.3997201493
1812,0.3875961538
1813,0.3860759494
1814,0.3973509934
1815,0.3907185629
1816,0.4032921811
1817,0.4399633364
1818,0.4063087529
1819,0.4406548431
1820,0.4726562500
1821,0.4155393053
1822,0.4252336449
1823,0.3966480447
1824,0.4385633270
1825,0.3861977439
1826,0.4047350620
1827,0.4056603774
1828,0.3944543828
1829,0.4360465116
1830,0.4204115918
1831,0.4175517049
1832,0.4272608126
1833,0.3769531250
1834,0.4110066179
1835,0.3906083244
1836,0.4294478528
1837,0.4693396226
1838,0.3922480620
1839,0.4274274274
1840,0.4029411765
1841,0.4014124294
1842,0.3917981073
1843,0.3995510662
1844,0.4065934066
1845,0.3885375494
1846,0.4813915858
1847,0.3959660297
1848,0.4572192513
1849,0.3673502737
1850,0.4063324538
1851,0.3994528044
1852,0.4068010076
1853,0.3832853026
1854,0.3741721854
1855,0.4395702775
1856,0.4194535073
1857,0.4130434783
1858,0.3950617284
1859,0.4025044723
1860,0.3759213759
1861,0.4226467847
1862,0.4093500570
1863,0.4455445545
1864,0.4224709784
1865,0.3923585599
1866,0.3945371775
1867,0.3873072361
1868,0.4399888868
1869,0.3970588235
1870,0.4264849075
1871,0.3705939630
1872,0.4183445190
1873,0.4078194533
1874,0.3950807071
1875,0.3989361702
1876,0.3968887116
1877,0.4481955763
1878,0.4010494753
1879,0.3991252822
1880,0.4356261023
1881,0.4036144578
1882,0.3890756303
1883,0.4425287356
1884,0.4176646707
1885,0.3967297762
1886,0.4288012872
1887,0.4687446481
1888,0.4099599822
1889,0.3500717360
1890,0.3970099668
1891,0.3988651535
1892,0.4224559984
1893,0.3685636856
1894,0.4059199555
1895,0.3853932584
1896,0.4106002554
1897,0.3868471954
1898,0.3714285714
1899,0.4330000000
1900,0.4593059937
1901,0.4212374265
1902,0.3895486936
1903,0.4254613311
1904,0.4140271493
1905,0.3649425287
1906,0.3765941485
1907,0.4177957675
1908,0.3991671218
1909,0.4320323015
1910,0.4172944645
1911,0.4035318429
1912,0.3856000000
1913,0.4529411765
1914,0.3875912409
1915,0.4277227723
1916,0.4227994228
1917,0.4807277212
1918,0.4093518546
1919,0.3955752212
1920,0.4005037783
1921,0.4323809524
1922,0.3801652893
1923,0.4149068323
1924,0.3990384615
1925,0.3458806818
1926,0.3930321593
1927,0.4081196581
1928,0.4317180617
1929,0.4153471376
1930,0.3918052588
1931,0.4096013476
1932,0.4117647059
1933,0.3375796178
1934,0.3623188406
1935,0.4257425743
1936,0.4415584416
1937,0.4233333333
1938,0.4304084720
1939,0.4477427335
1940,0.3880048960
1941,0.4155432197
1942,0.3900709220
1943,0.3404423381
1944,0.3409986859
1945,0.4259681093
1946,0.3817527011
1947,0.3762183236
1948,0.4089347079
1949,0.3956292389
1950,0.4477317554
1951,0.3813721169
1952,0.4319727891
1953,0.4006024096
1954,0.4026128266
1955,0.5407666375
1956,0.3983328372
1957,0.3995037221
1958,0.3797752809
1959,0.3891585761
1960,0.4125000000
1961,0.4023026316
1962,0.4089058988
1963,0.4172635445
1964,0.3641851107
1965,0.4094134758
1966,0.4471170852
1967,0.4240937585
1968,0.4213469388
1969,0.4076923077
1970,0.4440961338
1971,0.4780405405
1972,0.3852691218
1973,0.4152334152
1974,0.3880346659
1975,0.4029850746
1976,0.3940486925
1977,0.4231833910
1978,0.3674496644
1979,0.4778761062
1980,0.4101247249
1981,0.3897566291
1982,0.4276094276
1983,0.3989802422
1984,0.3539367182
1985,0.3680732079
1986,0.4051724138
1987,0.4213592233
1988,0.3836858006
1989,0.4135021097
1990,0.4493564633
1991,0.4385245902
1992,0.4160804020
1993,0.4171956419
1994,0.4555353902
1995,0.4214022140
1996,0.3772917337
1997,0.4423791822
1998,0.4277777778
1999,0.4145927602
2000,0.4015649920
2001,0.3671706263
2002,0.4156976744
2003,0.4119758650
2004,0.4173505275
2005,0.4017857143
2006,0.4284386617
2007,0.3885931559
2008,0.4034253092
2009,0.3996616450
2010,0.4436493739
2011,0.4612568639
2012,0.4182741117
2013,0.4174508127
2014,0.3799579327
2015,0.4379875195
2016,0.3934426230
2017,0.4008009858
2018,0.3947368421
2019,0.4040404040
2020,0.3565459610
2021,0.4123222749
2022,0.3985239852
2023,0.4257498171
2024,0.3821428571
2025,0.4037735849
2026,0.4086499596
2027,0.4853333333
2028,0.3748680042
2029,0.3881918819
2030,0.4179104478
2031,0.3976648352
2032,0.4261918438
2033,0.3770351328
2034,0.4101040119
2035,0.3893058161
2036,0.4297433740
2037,0.4184615385
2038,0.4100289645
2039,0.4293695132
2040,0.4046479836
2041,0.4509803922
2042,0.4051282051
2043,0.4535864979
2044,0.4553376906
2045,0.4312521324
2046,0.4176857949
2047,0.4394299287
2048,0.4242538014
2049,0.3323210151
2050,0.3860294118
2051,0.4072327044
2052,0.4143646409
2053,0.4338842975
2054,0.4322289157
2055,0.3706688155
2056,0.4001301236
2057,0.4053601340
2058,0.3835920177
2059,0.3608058608
2060,0.3386454183
2061,0.4206350448
2062,0.4035714286
2063,0.4028389623
2064,0.4448913918
2065,0.4068322981
2066,0.3850680397
2067,0.4110512129
2068,0.4629921260
2069,0.3986633054
2070,0.4000000000
2071,0.4466019417
2072,0.4037122970
2073,0.3963068182
2074,0.3945297864
2075,0.4626736111
2076,0.4391244870
2077,0.3874107722
2078,0.4296450939
2079,0.4141617737
2080,0.4399350649
2081,0.3985507246
2082,0.4062765055
2083,0.4036076663
2084,0.4288499025
2085,0.3087719298
2086,0.4461305008
2087,0.4656934307
2088,0.4128770824
2089,0.3834170854
2090,0.3826086957
2091,0.4659340659
2092,0.3976401180
2093,0.4160774098
2094,0.3970462937
2095,0.4638255699
2096,0.3905228758
2097,0.3825136612
2098,0.3966421826
2099,0.4194430380
2100,0.4009855604
2101,0.4245733788
2102,0.5156363636
2103,0.4484866123
2104,0.4233612617
2105,0.4246305419
2106,0.4051383399
2107,0.3794266442
2108,0.3727164887
2109,0.3939393939
2110,0.3906399236
2111,0.4250764526
2112,0.3644736842
2113,0.4281108962
2114,0.3817305678
2115,0.4057045551
2116,0.4263206673
2117,0.4142511628
2118,0.4158415842
2119,0.4200249273
2120,0.4018029620
2121,0.4270827336
2122,0.3614617940
2123,0.4335093988
2124,0.3947089947
2125,0.4272775706
2126,0.3962868118
2127,0.4496560350
2128,0.4038461538
2129,0.4198174707
2130,0.4158125915
2131,0.3486646884
2132,0.4177438308
2133,0.4234234234
2134,0.4449339207
2135,0.4287081340
2136,0.4067035245
2137,0.4439232409
2138,0.4015009381
2139,0.3881118881
2140,0.4020202020
2141,0.4141571478
2142,0.4421052632
2143,0.3896260555
2144,0.3896946565
2145,0.4452510587
2146,0.4268292683
2147,0.3786407767
2148,0.4541984733
2149,0.3664596273
2150,0.4318407960
2151,0.4115800488
2152,0.4072140484
2153,0.4531085353
2154,0.3949824971
2155,0.4166666667
2156,0.4225352113
2157,0.4288425047
2158,0.4295580110
2159,0.4107806691
2160,0.4420226678
2161,0.3914473684
2162,0.4035087719
2163,0.3897233202
2164,0.4271758437
2165,0.3983739837
2166,0.3975155280
2167,0.3981481481
2168,0.4032069971
2169,0.3847837986
2170,0.4196428571
2171,0.4455747711
2172,0.4267453294
2173,0.4110483586
2174,0.4246031746
2175,0.4831751510
2176,0.4287634409
2177,0.4444444444
2178,0.3850806452
2179,0.2869080780
2180,0.4158746778
2181,0.3999672828
2182,0.4137055838
2183,0.3630924988
2184,0.4297752809
2185,0.4337121212
2186,0.4149034039
2187,0.4263715111
2188,0.4211473742
2189,0.3854595336
2190,0.3983098592
2191,0.4265212400
2192,0.3708609272
2193,0.3880899332
2194,0.3973182781
2195,0.3860477314
2196,0.4198396794
2197,0.4423963134
2198,0.4128664495
2199,0.3895983713
2200,0.3887399464
2201,0.4018302829
2202,0.3894523327
2203,0.3992911991
2204,0.4002205072
2205,0.4402192243
2206,0.4350000000
2207,0.4285714286
2208,0.4258992806
2209,0.4439834025
2210,0.4161279347
2211,0.4251012146
2212,0.4007434944
2213,0.4084808796
2214,0.4466321244
2215,0.4138452237
2216,0.4178867740
2217,0.3490304709
2218,0.4154302671
2219,0.3971880492
2220,0.4491778774
2221,0.4152892562
2222,0.4265175719
2223,0.4121798223
2224,0.4099429503
2225,0.3860329777
2226,0.4161938497
2227,0.4193222054
2228,0.3858046381
2229,0.4040242834
2230,0.4003521127
2231,0.4050671551
2232,0.4086671706
2233,0.4141791045
2234,0.4034451496
2235,0.4444444444
2236,0.3450980392
2237,0.3986048829
2238,0.4142114385
2239,0.3820754717
2240,0.4114765570
2241,0.4139194139
2242,0.4619047619
2243,0.4285714286
2244,0.4029149036
2245,0.4195166439
2246,0.3832684825
2247,0.4406052963
2248,0.3950920245
2249,0.3978873239
2250,0.4261409668
2251,0.4020671835
2252,0.3904607922
2253,0.4071428571
2254,0.3965338468
2255,0.3496503497
2256,0.4110738255
2257,0.3840104849
2258,0.3241758242
2259,0.4365808824
2260,0.3894811656
2261,0.3836424958
2262,0.3880539499
2263,0.3919413919
2264,0.4293598234
2265,0.4162679426
2266,0.4051509493
2267,0.3785310734
2268,0.4128440367
2269,0.4067298611
2270,0.4417714598
2271,0.3727333781
2272,0.4074722709
2273,0.4448598131
2274,0.4142084942
2275,0.4098984772
2276,0.4350348028
2277,0.4324903558
2278,0.4063784727
2279,0.4678571429
2280,0.3852229660
2281,0.3972081218
2282,0.3762993763
2283,0.4059880240
2284,0.4455958549
2285,0.3959107807
2286,0.4176042356
2287,0.4065573770
2288,0.3932584270
2289,0.4112203586
2290,0.4060975610
2291,0.4811625404
2292,0.4147909968
2293,0.4131386861
2294,0.4032071417
2295,0.4546304958
2296,0.4060742407
2297,0.4178307429
2298,0.4151119403
2299,0.4228260870
2300,0.4344827586
2301,0.3553240741
2302,0.3971291866
2303,0.4230769231
2304,0.4003690037
2305,0.3644970414
2306,0.4019471488
2307,0.4276012612
2308,0.4197258442
2309,0.4020618557
2310,0.4256403555
2311,0.4132387707
2312,0.4123563218
2313,0.3734939759
2314,0.4154488518
2315,0.4172335601
2316,0.4367033351
2317,0.3205741627
2318,0.4269972452
2319,0.4584980237
2320,0.4007800312
2321,0.4133333333
2322,0.4254317111
2323,0.4494047619
2324,0.4116344605
2325,0.6179549114
2326,0.3985915493
2327,0.3793793794
2328,0.4243807040
2329,0.3778625954
2330,0.4193548387
2331,0.3700534759
2332,0.4649122807
2333,0.4385875128
2334,0.4178995877
2335,0.4081895442
2336,0.3820794590
2337,0.3952513966
2338,0.4287103727
2339,0.3975817923
2340,0.3657331137
2341,0.4136807818
2342,0.4140914710
2343,0.4508604207
2344,0.4247455811
2345,0.4103923648
2346,0.4154929577
2347,0.3847826087
2348,0.3685064935
2349,0.4260788941
2350,0.4223107570
2351,0.4018098111
2352,0.3737236215
2353,0.4101382488
2354,0.4348561760
2355,0.4485714286
2356,0.4137567994
2357,0.4194429274
2358,0.4142259414
2359,0.4122785732
2360,0.4258188825
2361,0.4010319077
2362,0.4063948100
2363,0.3090185676
2364,0.4352617080
2365,0.4709616741
2366,0.3986013986
2367,0.3997879109
2368,0.4165527299
2369,0.3991935484
2370,0.4052356021
2371,0.3887204366
2372,0.4159924594
2373,0.3821390374
2374,0.3951929249
2375,0.4054982818
2376,0.4120248894
2377,0.4066591844
2378,0.4218798151
2379,0.4218241042
2380,0.4091002638
2381,0.3876478318
2382,0.4080898876
2383,0.4116485686
2384,0.3608847497
2385,0.4329224075
2386,0.3657957245
2387,0.4354285714
2388,0.4184027778
2389,0.3977110157
2390,0.4010600707
2391,0.4536082474
2392,0.4315789474
2393,0.3858520900
2394,0.4229508197
2395,0.4426089433
2396,0.3900928793
2397,0.3839779006
2398,0.4232395661
2399,0.4057203390
2400,0.3931947070
2401,0.3651551313
2402,0.4257719715
2403,0.4210702341
2404,0.4067495560
2405,0.4182734443
2406,0.3910112360
2407,0.4190871369
2408,0.4206429780
2409,0.3878474467
2410,0.3887361126
2411,0.4182692308
2412,0.4313273827
2413,0.4266352387
2414,0.4167661810
2415,0.4024390244
2416,0.4113924051
2417,0.4323922734
2418,0.3639455782
2419,0.4089195980
2420,0.4141252006
2421,0.4922551851
2422,0.4321819714
2423,0.4145907473
2424,0.4277139078
2425,0.4661971831
2426,0.3935860058
2427,0.4027441485
2428,0.4286624204
2429,0.4000790149
2430,0.3568377894
2431,0.4400000000
2432,0.3817758563
2433,0.4184491979
2434,0.4047764850
2435,0.4511494253
2436,0.3753148615
2437,0.3916815211
2438,0.4073896353
2439,0.4185323383
2440,0.4109403255
2441,0.3897058824
2442,0.4563445867
2443,0.4107402032
2444,0.4270097545
2445,0.4526411658
2446,0.4781060876
2447,0.4411764706
2448,0.4352557127
2449,0.3978838091
2450,0.4255813953
2451,0.4167299658
2452,0.4400000000
2453,0.3932017544
2454,0.4214552873
2455,0.4144467213
2456,0.3447580645
2457,0.4021795537
2458,0.4006968641
2459,0.4230635637
2460,0.3764991729
2461,0.4186046512
2462,0.4394478487
2463,0.4001307190
2464,0.4217877095
2465,0.4293598234
2466,0.4154619736
2467,0.3764667536
2468,0.4137931034
2469,0.4247787611
2470,0.3986784141
2471,0.2900125366
2472,0.3763132760
2473,0.3966970003
2474,0.4485981308
2475,0.4076509265
2476,0.4099274958
2477,0.3955056180
2478,0.3677672442
2479,0.4181034483
2480,0.4256809339
2481,0.4616526472
2482,0.4358552632
2483,0.4149241492
2484,0.5015384615
2485,0.3963531670
2486,0.4120284885
2487,0.4236194339
2488,0.4185441941
2489,0.3957685128
2490,0.3964079538
2491,0.4254228601
2492,0.3802509547
2493,0.3934789916
2494,0.4372384937
2495,0.4290171607
2496,0.4421669107
2497,0.4291754757
2498,0.3956793633
2499,0.4039087948
2500,0.4140127389
2501,0.4067478913
2502,0.3898840885
2503,0.4239450442
2504,0.4215686275
2505,0.3896487985
2506,0.4004576659
2507,0.3553113553
2508,0.4190981432
2509,0.4140727178
2510,0.3785377358
2511,0.4298356511
2512,0.3974753695
2513,0.4148744875
2514,0.4289693593
2515,0.4028912634
2516,0.3757961783
2517,0.4097287184
2518,0.4307692308
2519,0.3745558356
2520,0.4575812274
2521,0.4212305612
2522,0.4497816594
2523,0.4336956522
2524,0.4136986301
2525,0.3694267516
2526,0.3585419616
2527,0.4040930233
2528,0.4312500000
2529,0.4256354786
2530,0.3655589124
2531,0.3790005615
2532,0.4135472371
2533,0.4100781929
2534,0.4171342383
2535,0.3831417625
2536,0.4359375000
2537,0.4235537190
2538,0.4043828432
2539,0.4060324826
2540,0.4058866279
2541,0.3434856176
2542,0.4372294372
2543,0.4447476126
2544,0.3972257251
2545,0.3689320388
2546,0.4016701461
2547,0.4212389381
2548,0.3693333333
2549,0.4087151464
2550,0.4519587629
2551,0.3796764408
2552,0.3986895161
2553,0.4002574003
2554,0.4034505640
2555,0.3555858311
2556,0.3659359191
2557,0.4107142857
2558,0.3934065934
2559,0.3765093304
2560,0.4382314694
2561,0.4226918799
2562,0.3763250883
2563,0.4100502513
2564,0.4041979588
2565,0.4556267155
2566,0.4065116279
2567,0.4266198865
2568,0.4135901552
2569,0.4326750449
2570,0.4222678660
2571,0.4152148664
2572,0.4473429952
2573,0.3946188341
2574,0.3864468864
2575,0.4059782609
2576,0.3959099265
2577,0.3970189702
2578,0.3938223938
2579,0.4273201251
2580,0.4138138138
2581,0.3982905983
2582,0.4317460317
2583,0.3956164384
2584,0.4119933370
2585,0.4023424044
2586,0.3533487298
2587,0.3973480663
2588,0.4057971014
2589,0.4018527792
2590,0.2985074627
2591,0.4305970149
2592,0.3823823824
2593,0.4526397516
2594,0.4222222222
2595,0.4121512540
2596,0.4117647059
2597,0.3773584906
2598,0.4421545667
2599,0.3924977127
2600,0.3390016456
2601,0.4523433386
2602,0.4593175853
2603,0.3935185185
2604,0.3941368078
2605,0.4159919028
2606,0.4187050360
2607,0.3801857585
2608,0.4132947977
2609,0.4049636804
2610,0.4225146199
2611,0.4162621359
2612,0.3705179283
2613,0.3768844221
2614,0.3915547025
2615,0.4536862004
2616,0.4527162978
2617,0.4070050359
2618,0.3836477987
2619,0.4580645161
2620,0.3921863261
2621,0.3664772727
2622,0.4152866242
2623,0.4383561644
2624,0.4256379868
2625,0.3980358174
2626,0.3904528764
2627,0.4900849858
2628,0.3765328874
2629,0.3639053254
2630,0.3721629751
2631,0.4001203369
2632,0.4033505155
2633,0.3816455696
2634,0.4423393740
2635,0.3994889267
2636,0.4433593750
2637,0.3872340426
2638,0.4206642066
2639,0.3927313745
2640,0.4052932019
2641,0.3926046765
2642,0.3600206612
2643,0.4059405941
2644,0.3870333988
2645,0.4056074766
2646,0.3995226730
2647,0.3919678715
2648,0.4137125584
2649,0.4308903099
2650,0.4270462633
2651,0.3540983607
2652,0.4035190616
2653,0.4065743945
2654,0.3706214689
2655,0.3777219430
2656,0.4226519337
2657,0.4637681159
2658,0.3970873786
2659,0.4291241646
2660,0.4147826087
2661,0.4001597444
2662,0.4091778203
2663,0.4292452830
2664,0.4039282664
2665,0.4218750000
2666,0.3640000000
2667,0.3788265306
2668,0.3874345550
2669,0.4117531253
2670,0.4470046083
2671,0.4000000000
2672,0.4178280305
2673,0.4009425071
2674,0.3691931540
2675,0.4334828102
2676,0.4084210526
2677,0.3983772280
2678,0.4267399267
2679,0.3619744059
2680,0.4279069767
2681,0.4121863799
2682,0.4007033248
2683,0.3966597077
2684,0.3880800728
2685,0.4287369641
2686,0.4152756702
2687,0.3070158296
2688,0.3967828418
2689,0.3780897765
2690,0.4248554913
2691,0.3850000000
2692,0.4176548090
2693,0.3931575996
2694,0.3827893175
2695,0.4773519164
2696,0.4693019344
2697,0.4224443728
2698,0.3713298791
2699,0.4016666667
2700,0.4469480890
2701,0.3865168539
2702,0.3796881584
2703,0.3980228928
2704,0.3897287683
2705,0.4164733179
2706,0.4130190797
2707,0.5130687318
2708,0.4217311234
2709,0.3952762923
2710,0.4015552546
2711,0.4011396011
2712,0.4110260938
2713,0.4038461538
2714,0.4053725403
2715,0.4103601781
2716,0.4009569378
2717,0.3898500577
2718,0.3794002608
2719,0.3867924528
2720,0.4058323208
2721,0.4145299145
2722,0.4014122759
2723,0.3859784284
2724,0.3955964887
2725,0.3875295975
2726,0.4478458050
2727,0.4104080426
2728,0.4140893471
2729,0.4022556391
2730,0.4187342545
2731,0.4207697700
2732,0.3955916473
2733,0.3907718121
2734,0.4144329897
2735,0.4017033357
2736,0.3847541723
2737,0.3718528083
2738,0.4536011080
2739,0.3484240688
2740,0.3896384242
2741,0.4253853723
2742,0.3974522293
2743,0.4602076125
2744,0.3557312253
2745,0.4227642276
2746,0.4087804878
2747,0.3818051576
2748,0.3917662683
2749,0.3886729595
2750,0.4306518724
2751,0.4301861702
2752,0.3658170915
2753,0.3953488372
2754,0.3617021277
2755,0.4248554913
2756,0.4015444015
2757,0.4407514451
2758,0.4072883173
2759,0.4250814332
2760,0.3884297521
2761,0.3837837838
2762,0.4347442681
2763,0.3657105606
2764,0.3948620362
2765,0.4504155125
2766,0.4216867470
2767,0.3982430454
2768,0.3794037940
2769,0.3611111111
2770,0.4049128368
2771,0.4084802687
2772,0.4227967098
2773,0.3759479957
2774,0.3914590747
2775,0.4105011933
2776,0.4080188679
2777,0.4584569733
2778,0.3521505376
2779,0.3969230769
2780,0.4187675070
2781,0.3901574803
2782,0.4333087693
2783,0.3948545861
2784,0.4333874391
2785,0.4090568862
2786,0.4222718392
2787,0.4037162162
2788,0.3859850062
2789,0.3681204569
2790,0.4308916142
2791,0.3841994593
2792,0.4700000000
2793,0.3342281879
2794,0.4327108822
2795,0.3864090297
2796,0.4277414670
2797,0.4052489386
2798,0.4261838440
2799,0.4168019481
2800,0.4273255814
2801,0.3930183569
2802,0.4058769513
2803,0.4097959184
2804,0.4267912773
2805,0.4404553415
2806,0.3931171410
2807,0.3921568627
2808,0.4121258052
2809,0.4000569882
2810,0.3833464258
2811,0.4093023256
2812,0.4479069767
2813,0.4107259647
2814,0.4357743097
2815,0.4380211228
2816,0.4744318182
2817,0.3915094340
2818,0.4025974026
2819,0.4205298013
2820,0.3899883586
2821,0.4220240307
2822,0.4008700381
2823,0.3870192308
2824,0.3306638567
2825,0.4000000000
2826,0.3864671438
2827,0.4096417751
2828,0.2410358566
2829,0.4061855670
2830,0.4260518823
2831,0.3716608595
2832,0.4012944984
2833,0.4107473749
2834,0.4058116232
2835,0.4073506891
2836,0.4125196438
2837,0.3994638070
2838,0.4207389750
2839,0.3852327448
2840,0.3906699548
2841,0.4267912773
2842,0.4193899782
2843,0.3329253366
2844,0.3882486770
2845,0.4561403509
2846,0.4238758875
2847,0.3594515181
2848,0.4151857835
2849,0.3789808917
2850,0.4263639231
2851,0.4214340198
2852,0.3854166667
2853,0.4147805075
2854,0.4031751570
2855,0.4472361809
2856,0.4105018107
2857,0.4157593123
2858,0.3962355212
2859,0.4444168117
2860,0.4231791600
2861,0.4058171745
2862,0.3784722222
