gruppe,name,vorlage,ueberraschung_1,ueberraschung_2,L50_1,L50_2,dlogp_block0_vork1,dlogp_block1_vork1,dlogp_block2_vork1,dlogp_block3_vork1,dlogp_block4_vork1,dlogp_block5_vork1,dlogp_block6_vork1,dlogp_block7_vork1,dlogp_block8_vork1,dlogp_block9_vork1,dlogp_block10_vork1,dlogp_block11_vork1,dlogp_block12_vork1,dlogp_block13_vork1,dlogp_block14_vork1,dlogp_block15_vork1,dlogp_block16_vork1,dlogp_block17_vork1,dlogp_block18_vork1,dlogp_block19_vork1,dlogp_block20_vork1,dlogp_block21_vork1,dlogp_block22_vork1,dlogp_block23_vork1,dlogp_block0_vork2,dlogp_block1_vork2,dlogp_block2_vork2,dlogp_block3_vork2,dlogp_block4_vork2,dlogp_block5_vork2,dlogp_block6_vork2,dlogp_block7_vork2,dlogp_block8_vork2,dlogp_block9_vork2,dlogp_block10_vork2,dlogp_block11_vork2,dlogp_block12_vork2,dlogp_block13_vork2,dlogp_block14_vork2,dlogp_block15_vork2,dlogp_block16_vork2,dlogp_block17_vork2,dlogp_block18_vork2,dlogp_block19_vork2,dlogp_block20_vork2,dlogp_block21_vork2,dlogp_block22_vork2,dlogp_block23_vork2
bekannt,Barrie,0,4.4419,0.003,2,1,-8.1915,-0.1622,0.3635,-0.6655,-0.2714,0.0154,0.4468,0.2013,0.0557,0.4991,-0.073,-0.3498,0.0434,0.1205,-0.1171,-0.7031,-0.454,-0.1381,1.3969,0.5797,-0.4049,-0.57,-0.1247,-2.2227,-14.2128,-0.0051,0.0011,-0.0037,-0.0017,-0.0018,-0.0019,-0.0024,-0.0036,0.0012,-0.0069,-0.0011,-0.0046,0.0012,-0.0091,0.0001,0.0023,0.0025,0.0011,0.0008,-0.0079,-0.002,-0.0045,-0.6261
bekannt,Barrie,1,4.9613,0.0014,1,1,-9.6119,-0.2154,-0.2202,-1.1332,-0.0561,-0.0468,-0.0083,-0.0349,0.0505,0.2407,0.5189,-0.5888,-0.8167,-0.3942,-0.3178,-0.0684,-0.5653,0.6641,0.6211,1.561,-0.604,-0.2163,-0.4882,-2.224,-13.4648,-0.0059,0.0003,-0.0012,-0.001,-0.0025,-0.0008,-0.0009,-0.0015,-0.0018,-0.0022,0.0005,-0.0019,0.0001,-0.0031,0.0008,0.0009,0.0011,-0.0,0.0006,-0.0037,-0.0009,-0.0055,-0.6807
bekannt,Barrie,2,4.162,0.0086,1,1,-7.3426,0.101,-0.3494,-0.742,-1.1102,-0.3684,-0.0201,0.1239,-0.0573,0.0508,0.0313,-0.1225,0.0809,0.5715,0.2866,-0.5488,-0.1831,0.1985,1.1302,0.8458,-0.3203,-0.4719,-0.5058,-2.8418,-12.9667,-1.9263,0.0058,-0.0047,-0.0027,-0.0052,-0.0083,-0.0219,-0.0255,0.005,-0.0122,-0.0015,-0.0276,0.0042,-0.0271,-0.005,0.0051,0.0062,0.0007,0.0014,-0.0161,-0.0027,-0.0126,-0.6622
bekannt,Currie,0,1.769,0.0009,1,10,-13.154,-1.6709,-0.1896,-1.0501,0.0204,-0.1368,-0.1651,-0.0473,-0.3978,-0.3116,-0.0866,0.3017,-0.6189,0.1901,0.0282,-0.6394,-0.1024,-0.5571,-1.2229,-0.6051,0.5199,-0.3189,0.2979,-2.2342,-13.1308,-0.0094,-0.0009,-0.0019,-0.0006,0.0001,-0.0003,0.0003,-0.0036,-0.0008,-0.0036,0.0005,-0.0023,0.0008,-0.0022,-0.0,0.0004,0.0002,-0.0023,-0.0002,-0.0001,-0.0012,-0.0028,-0.244
bekannt,Currie,1,4.55,0.0042,1,21,-8.4817,-0.2613,-0.2451,-1.3471,0.0975,0.312,0.2725,-0.3087,-0.2128,-0.0611,0.4495,0.2683,-0.2647,-0.0778,0.5977,0.0275,-0.2517,-0.7484,-0.6211,0.0649,0.3869,-0.2394,0.1557,-1.8839,-12.424,-0.0025,0.0019,-0.0059,-0.0003,0.0021,-0.0,-0.0056,-0.0115,-0.0064,-0.0173,0.0019,-0.005,0.0034,-0.0057,0.0022,0.0013,-0.0037,-0.0032,-0.0013,0.0001,-0.0034,-0.0109,-0.6662
bekannt,Currie,2,1.7235,0.0025,1,11,-9.7957,-1.4147,-0.7526,-0.6846,0.0909,0.0622,-0.0941,-0.0636,-0.3888,-0.3437,-0.3324,-0.0572,-0.5973,0.4774,0.109,-0.4451,0.0041,-1.2689,-1.4211,-0.5743,0.8748,-0.0015,0.4198,-2.4063,-12.9666,-0.0235,0.0009,0.0001,-0.006,0.0004,-0.0074,-0.0096,-0.0119,-0.0012,-0.0085,-0.0006,-0.015,0.0018,-0.0097,-0.0024,0.0008,-0.0006,-0.003,-0.0005,0.0003,-0.0034,-0.0054,-0.2426
bekannt,Brie,0,6.7856,0.0157,13,10,-6.4389,0.0849,0.0158,-0.3533,-0.2224,-0.3457,-0.1917,0.1169,0.1797,0.3046,0.0083,-0.0587,0.4244,-0.0256,-0.0445,-0.2322,-1.1606,0.0769,-0.1313,-0.3968,0.6231,-0.524,0.5639,-1.1299,-12.4727,-0.1065,0.0039,-0.0419,-0.0011,0.0028,-0.0037,-0.0029,-0.0167,0.0013,-0.0168,-0.0093,-0.0255,-0.0141,-0.0069,-0.0059,-0.0113,0.0097,-0.0062,0.0003,0.0042,0.0018,-0.0067,-0.4168
bekannt,Brie,1,6.7755,0.0115,14,11,-5.8696,0.3435,0.1427,-1.058,-0.3372,-0.1379,-0.1519,0.0431,-0.6291,-0.7793,0.5013,-0.1443,-0.3778,-0.1429,-0.2399,-0.2296,-0.9454,0.1196,-0.1252,-0.3193,-0.6098,-0.1951,1.1355,-0.7215,-12.0477,-0.0044,0.0065,-0.0052,-0.0158,0.003,-0.0038,0.0008,-0.0223,-0.0184,-0.0046,0.004,-0.0204,-0.0093,-0.0084,-0.0109,-0.0011,0.0076,0.0001,0.0016,0.0008,0.002,-0.0018,-0.4869
bekannt,Brie,2,6.7552,0.0135,13,11,-6.0489,0.17,-0.5923,-0.1276,-0.5176,-0.0049,-0.0166,-0.1131,0.1139,-0.1211,0.092,-0.2372,0.0992,0.0561,0.077,-0.3276,-0.4581,0.1129,-0.3651,0.1217,0.3728,0.2359,0.4,-1.2504,-12.8791,-1.9943,-0.0038,-0.0142,-0.016,0.0043,-0.006,-0.0102,-0.0438,0.0009,-0.0286,-0.0251,-0.0485,-0.016,-0.0097,-0.0083,-0.0074,0.0075,0.0012,-0.0015,0.0027,0.0003,-0.0037,-0.3
bekannt,McQuarrie,0,0.0808,0.0004,3,3,-13.3672,-3.116,-2.2985,-2.3349,-0.3292,-0.2107,-0.0342,-0.0675,-1.0358,0.0325,-0.1153,-0.0786,0.0443,-0.1647,-0.1177,0.0562,0.0663,-0.0301,-0.259,0.0318,-0.087,0.0192,-0.1277,-2.3164,-13.0916,-0.0353,-0.0043,-0.0043,-0.002,-0.0002,-0.0007,-0.0001,-0.0023,-0.0003,-0.0003,-0.0,-0.0029,-0.0007,-0.0014,-0.001,-0.0003,-0.0,0.0002,0.0002,0.0001,0.0,-0.001,-0.0496
bekannt,McQuarrie,1,0.5328,0.0022,3,3,-11.3142,-2.0321,-3.9146,-1.7703,-1.9038,-0.2268,-0.0803,-0.278,-1.3694,0.2727,-0.3008,0.1401,0.107,-0.1246,-0.0696,0.3375,0.4663,-0.0713,-0.3458,0.2336,-0.6103,-0.3976,-0.0096,-2.3269,-13.9038,-0.003,-0.005,-0.0027,-0.0031,0.001,-0.0008,-0.001,-0.0015,-0.0015,-0.0004,0.0002,-0.0098,-0.0015,-0.0071,-0.004,-0.0027,-0.0037,0.001,0.0008,-0.0,0.0008,-0.0017,-0.1875
bekannt,McQuarrie,2,0.0241,0.0005,3,3,-15.8285,-3.5795,-2.6703,-1.8078,-0.0794,-0.0376,0.0065,-0.0018,-0.6272,-0.0025,-0.0845,-0.1818,0.0031,-0.1656,-0.0693,0.0178,0.0215,-0.0547,-0.1018,0.0006,-0.0375,0.0072,-0.0516,-1.4612,-15.4758,-1.226,-0.0017,-0.0162,-0.0006,-0.0004,-0.0012,-0.0017,-0.0032,-0.0002,-0.0016,-0.0,-0.0048,-0.0009,-0.0042,-0.0008,-0.0002,-0.0006,0.0003,0.0001,-0.0002,-0.0003,-0.0017,-0.0626
unbekannt,Celrie,0,16.0791,0.0286,5,21,-0.243,2.7487,0.256,0.5506,-0.4609,0.4192,0.7363,0.2621,0.4187,1.4635,0.2055,0.5161,0.2733,0.4763,-0.0683,0.5098,0.4923,0.1618,1.0539,-0.7333,0.2618,1.3203,0.6206,1.8423,-13.0619,-0.4912,-0.001,-0.1607,-0.1163,-0.0176,-0.1321,-0.0415,-0.0527,-0.0112,-0.1351,0.0157,-0.0212,-0.0715,-0.0299,0.0018,0.0087,0.0214,0.0128,-0.0013,-0.0411,-0.0404,-0.3337,-2.8488
unbekannt,Celrie,1,12.9626,0.0491,1,22,0.4658,-0.4886,0.0232,-0.6894,-0.6062,0.1419,0.5011,-0.1061,-0.5215,0.4834,-0.1261,0.3954,-0.9529,0.6166,-0.2413,-0.4246,-1.1154,-0.1295,0.6122,-0.5707,-1.2788,0.7409,0.7809,0.6903,-11.4346,-1.5282,-0.0514,-0.0552,-0.7971,0.0034,-0.1154,-0.0158,-0.154,-0.0516,-0.0312,0.0287,-0.0115,-0.0455,-0.0363,0.0186,0.0104,0.0329,0.0229,-0.0082,-0.029,-0.0724,-0.4542,-3.4975
unbekannt,Celrie,2,14.0872,0.118,1,22,3.4289,2.7523,-0.1807,-0.1645,-1.9547,-0.0998,0.2244,0.328,-0.136,1.0818,0.122,0.9645,-0.1362,0.6445,-0.0961,0.4249,-0.1022,0.0554,1.1694,-1.667,-1.0933,1.96,0.799,0.4475,-12.7204,-6.6417,0.0712,0.0259,0.0388,0.0464,-0.6776,-0.9905,-0.6528,-0.0201,-0.1888,0.0033,-0.0494,-0.3051,-0.1495,0.0562,0.0338,0.0919,0.0654,0.021,-0.1914,-0.0561,-0.6285,-3.8901
unbekannt,Winrie,0,15.0259,0.0264,11,13,3.3724,1.4779,0.258,-0.1174,0.1034,0.0609,-0.0511,0.0169,0.6962,0.9903,0.0155,-0.6945,0.5191,1.3392,0.1739,0.3743,-0.882,1.8718,1.5163,0.4712,0.5113,0.0141,-1.6717,1.4535,-11.2062,-0.3855,-0.0173,-0.0679,-0.2451,-0.0614,-0.0186,-0.0103,-0.1217,-0.0094,-0.0273,0.0096,-0.0647,0.0034,-0.0534,-0.0113,0.0067,0.018,0.011,-0.0035,-0.0209,-0.011,-0.3926,-1.8938
unbekannt,Winrie,1,13.1054,0.0171,11,14,1.7259,-1.0789,-0.1654,1.1027,-0.4035,-0.6563,-0.9034,-0.2058,0.2331,0.1353,0.1941,0.2331,-0.1996,0.2434,-0.2857,0.1427,-0.8122,0.3289,-0.3259,0.132,-0.6646,-0.6094,-0.1345,1.3278,-11.1105,-0.861,-0.0205,-0.0436,-0.0607,-0.0412,-0.006,0.0034,-0.0414,-0.0085,-0.0283,-0.0214,-0.0052,0.0001,-0.0029,-0.0082,-0.0001,0.0112,0.008,0.0007,-0.0061,-0.0123,-0.3105,-2.2331
unbekannt,Winrie,2,15.6655,0.0716,12,15,5.3762,4.3179,0.2847,-0.172,-1.6261,-1.331,-0.278,-0.5977,0.6415,0.1202,0.3621,-1.1693,0.3652,1.7782,0.6023,-0.0583,-0.4425,1.4705,0.7956,-0.1282,0.2125,0.1314,-1.9486,1.7388,-11.5951,-5.0847,0.0411,-0.0529,-0.1533,-0.1456,-0.0333,-0.0584,-0.1724,0.0042,-0.1636,0.0431,-0.1015,-0.0227,-0.1592,-0.0444,0.0311,0.0366,0.0187,0.0027,-0.0323,-0.0236,-0.5274,-1.577
unbekannt,Pulrie,0,12.7282,0.0055,1,10,0.7146,2.2059,0.0442,0.6891,0.2344,0.6477,0.5873,0.2283,0.8389,1.127,0.2824,0.6018,0.2623,0.6855,0.7532,0.1365,-1.1137,0.7214,-0.4285,-1.9846,0.2914,1.201,-1.1609,0.4829,-11.7559,-0.0522,-0.0074,0.0022,-0.0018,-0.0018,-0.0047,-0.0093,-0.0398,-0.0036,-0.0254,0.0029,-0.0184,0.0023,-0.02,0.0021,-0.0024,0.0031,0.0011,0.0011,-0.0042,-0.0005,-0.0507,-1.7326
unbekannt,Pulrie,1,10.9199,0.014,5,13,-1.0794,0.9762,-0.5515,-1.5311,-0.4104,0.2276,0.1163,-0.3494,-0.2843,-0.1758,0.5688,0.2702,-0.3958,0.4033,0.6644,-0.1572,0.2438,0.2229,-0.915,-2.2899,-0.8178,0.2119,-0.6395,-1.3819,-12.1859,-0.0358,-0.0039,0.0024,0.0006,0.002,0.0013,0.0033,-0.075,-0.0204,-0.0541,0.001,-0.042,-0.002,-0.0087,0.006,-0.0061,0.0068,0.0067,-0.0039,-0.012,-0.0184,-0.2388,-2.7217
unbekannt,Pulrie,2,10.6405,0.0159,1,13,-1.1461,0.0312,-1.4909,-0.4602,-1.8038,-0.2197,0.6234,0.0539,0.3819,0.4462,0.2697,0.1649,-0.1248,0.8105,1.109,-0.5591,0.1448,-0.0654,-1.048,-1.5828,-0.3094,0.6099,-0.5674,-1.2968,-11.972,-2.0066,0.0033,0.009,0.0037,-0.0188,-0.0171,-0.0879,-0.0853,-0.0206,-0.0568,0.0037,-0.0411,0.0032,-0.0288,0.0051,-0.0065,0.0056,-0.0002,-0.0005,-0.0154,-0.0039,-0.0776,-1.4901
unbekannt,Dixrie,0,15.4347,0.2037,1,22,3.8423,-2.5848,-0.5592,-1.4413,0.2621,0.417,-0.066,0.9362,0.6127,0.7579,0.0564,0.4849,-1.4402,0.4713,1.1974,-0.5631,-0.0685,1.0931,0.8118,-0.2848,-0.9449,0.9517,0.3096,2.0532,-11.5639,-1.1334,-0.0019,-2.1784,-2.0362,-0.6183,-0.4525,-0.489,-1.5486,-0.3611,-0.5936,0.0454,-0.2129,0.1276,-0.1739,-0.0389,0.0315,0.0979,0.0923,-0.0259,-0.2009,-0.0347,-0.8488,-2.0992
unbekannt,Dixrie,1,13.1625,0.8922,1,10,1.6676,-0.9178,-1.1249,-2.0303,0.2162,0.142,-0.1516,-0.0196,-0.0261,1.1421,0.7189,1.6428,-1.3189,0.1525,0.4521,0.0404,-0.2356,0.3252,0.7265,-1.1758,-1.4347,0.5691,-0.5676,0.256,-10.7467,-1.8577,-0.7684,0.0447,-3.3839,-0.2637,0.0427,-0.6187,-1.3196,-0.1113,-0.5468,0.3565,-0.1793,-0.1199,-0.3399,0.2085,0.0956,0.4701,0.4026,-0.3995,-0.3893,-0.3855,-1.7939,-3.2336
unbekannt,Dixrie,2,15.4078,0.2156,1,22,4.3959,0.3578,-0.6569,-0.9369,-0.9338,0.0792,0.7274,-0.115,0.0823,0.5274,0.6269,0.4993,-0.2389,0.5859,1.001,-0.8306,-0.3129,-0.3665,0.751,-0.3234,-0.1292,1.1013,0.7561,1.3299,-11.3915,-7.3121,-0.3809,-0.2477,-2.2828,-0.2617,-0.5267,-1.5397,-0.929,-0.2519,-0.5642,0.1054,-0.1494,0.041,-0.1634,-0.1124,0.0391,0.058,0.0396,-0.0844,-0.2384,-0.0678,-0.9175,-2.1922
unbekannt,Hansrie,0,10.0346,0.0117,1,15,-1.4137,-2.4389,-1.3137,-1.75,-0.2369,-0.6648,-0.3601,-0.297,0.4249,-0.1472,-0.2047,1.3,0.2575,0.3607,0.8018,-1.3995,-0.2627,-1.1775,0.1591,-0.6694,-0.9826,0.5487,0.1203,-2.5265,-11.1361,-2.2082,-0.0436,-0.0167,-0.061,-0.0949,0.0049,0.0051,-0.0314,0.0026,-0.0399,-0.0097,-0.0376,-0.0001,-0.0322,-0.0045,0.0002,0.0067,0.0074,0.0034,-0.004,-0.0038,-0.0541,-0.7943
unbekannt,Hansrie,1,13.7678,0.1053,6,15,2.4255,-0.9853,-0.6883,-0.0786,0.2971,0.4047,-0.264,0.8145,0.7215,0.3579,0.8934,2.0856,-0.0933,0.2732,0.4687,-0.4843,-0.2553,-0.3754,-0.2481,-0.1133,-0.3418,0.0303,0.3066,0.3099,-10.5809,-3.155,-0.1013,0.0739,-0.6367,0.0032,0.0041,0.0554,-0.1742,-0.0283,0.0132,-0.1876,-0.1457,-0.0056,-0.0825,-0.0012,-0.0118,0.0853,0.0773,0.0606,0.0457,0.0018,-0.3697,-2.672
unbekannt,Hansrie,2,11.6798,0.0441,1,15,1.6709,-1.8468,-0.3609,-0.1346,-1.0511,-0.382,-0.3957,-0.1889,0.5554,0.1951,0.8889,0.9897,1.1135,0.8609,1.467,-1.2809,0.3433,-1.4446,-0.4935,0.1518,-0.4789,-0.0938,0.5366,-2.0163,-13.0418,-10.9029,-0.1382,-0.0166,-0.1269,-0.1346,0.0071,-0.0015,-0.0394,0.0053,-0.1163,-0.0633,-0.1033,-0.0067,-0.0747,0.0048,-0.0231,0.0244,0.0184,0.0059,-0.0228,-0.005,-0.107,-1.0603
unbekannt,Matrie,0,10.1042,0.066,1,10,-1.2021,-0.2402,-0.5298,0.4755,-0.547,-0.2969,0.1026,0.2059,-0.1021,0.3174,-0.5942,0.3502,-0.314,0.2288,0.9295,0.5924,0.0684,-0.5485,-0.051,0.5428,-0.2223,-0.1395,-0.8254,-2.3258,-10.8849,-0.3447,0.029,-0.0725,-0.0669,-0.0974,0.0206,-0.0117,0.0146,0.0413,-0.1198,0.0551,-0.1303,0.0047,-0.1306,0.0511,0.0307,0.0317,-0.0092,0.0138,-0.0266,-0.0043,-0.12,-1.6702
unbekannt,Matrie,1,10.0904,0.0356,1,10,-1.9032,-0.4114,-0.0172,-0.0397,-0.6252,-0.2471,-0.368,0.0361,-0.259,0.1215,-0.2453,0.4379,-0.6402,-0.8157,0.2673,1.2108,0.5305,-0.0309,0.3264,0.1962,-0.8413,-0.1434,-0.4147,-1.7943,-12.0379,-0.103,-0.0159,-0.0714,-0.0618,-0.1528,-0.0154,-0.0587,-0.0133,-0.0138,-0.0128,0.0281,-0.0312,0.0091,-0.0044,0.0227,0.0147,0.0238,-0.0205,0.0021,-0.0257,-0.0153,-0.1291,-1.3683
unbekannt,Matrie,2,10.2377,0.1082,1,10,-0.7758,-0.7278,-0.3167,0.7141,-0.9373,-0.3919,0.1393,-0.3104,-0.2835,0.2603,-0.5011,0.2297,-0.2236,0.4748,1.1371,0.5434,0.2268,0.1433,0.3552,0.3401,-0.017,0.0495,-0.5983,-1.9758,-11.6645,-6.0851,0.0361,-0.0822,-0.1066,-0.2719,-0.1634,-0.1264,-0.186,0.0372,-0.3119,0.0672,-0.1814,-0.1844,-0.3535,0.0715,0.007,0.043,-0.0025,0.0011,-0.0166,-0.0194,-0.1542,-1.468
