block,kopf,gruppe,q_zu_rie1,rie1_zu_davor,q_zu_pos0,q_zu_selbst,q_zu_name1
0,0,bekannt,0.097,0.2954,0.0764,0.2261,0.205
0,0,unbekannt,0.107,0.0783,0.0995,0.0646,0.226
0,1,bekannt,0.0695,0.091,0.0416,0.169,0.1389
0,1,unbekannt,0.072,0.1599,0.045,0.1976,0.1291
0,2,bekannt,0.0575,0.2099,0.0789,0.1425,0.1854
0,2,unbekannt,0.0802,0.1792,0.0931,0.1173,0.133
0,3,bekannt,0.0009,0.053,0.0073,0.1076,0.4911
0,3,unbekannt,0.0008,0.0006,0.0091,0.0946,0.7267
0,4,bekannt,0.037,0.3512,0.0161,0.1873,0.0712
0,4,unbekannt,0.0685,0.4128,0.0306,0.1362,0.0978
0,5,bekannt,0.0312,0.1194,0.1284,0.1292,0.118
0,5,unbekannt,0.0288,0.163,0.1539,0.1223,0.1052
0,6,bekannt,0.0226,0.5326,0.0061,0.1324,0.0261
0,6,unbekannt,0.0359,0.7778,0.009,0.2351,0.0414
0,7,bekannt,0.0595,0.1642,0.0882,0.0692,0.105
0,7,unbekannt,0.0477,0.338,0.146,0.1681,0.1005
0,8,bekannt,0.0278,0.4335,0.026,0.0716,0.0393
0,8,unbekannt,0.0233,0.3891,0.0561,0.094,0.0459
0,9,bekannt,0.0247,0.2982,0.0624,0.1222,0.1655
0,9,unbekannt,0.0268,0.2327,0.0648,0.0883,0.1022
0,10,bekannt,0.03,0.5521,0.0491,0.2756,0.0748
0,10,unbekannt,0.0455,0.8887,0.0437,0.3717,0.1099
0,11,bekannt,0.0301,0.3215,0.0528,0.17,0.057
0,11,unbekannt,0.0614,0.5878,0.0521,0.2801,0.1007
0,12,bekannt,0.0792,0.2887,0.0359,0.0632,0.0848
0,12,unbekannt,0.1026,0.6004,0.0319,0.1384,0.1206
0,13,bekannt,0.0621,0.0959,0.0548,0.055,0.0922
0,13,unbekannt,0.0695,0.0651,0.0679,0.037,0.0848
0,14,bekannt,0.0237,0.7268,0.0116,0.1165,0.0309
0,14,unbekannt,0.0225,0.784,0.0192,0.2358,0.0391
0,15,bekannt,0.0526,0.0688,0.0569,0.128,0.2918
0,15,unbekannt,0.1118,0.1143,0.07,0.1506,0.2407
1,0,bekannt,0.0184,0.183,0.0371,0.0691,0.0548
1,0,unbekannt,0.0512,0.4488,0.0398,0.0185,0.1194
1,1,bekannt,0.0021,0.1984,0.0171,0.0631,0.0125
1,1,unbekannt,0.002,0.14,0.0166,0.0198,0.0049
1,2,bekannt,0.0521,0.2294,0.0561,0.0302,0.1167
1,2,unbekannt,0.0606,0.0489,0.0503,0.0332,0.1946
1,3,bekannt,0.0029,0.8762,0.0212,0.1587,0.0068
1,3,unbekannt,0.0054,0.9657,0.0309,0.1332,0.0077
1,4,bekannt,0.0223,0.2568,0.0168,0.085,0.0551
1,4,unbekannt,0.0159,0.1232,0.0202,0.0492,0.0275
1,5,bekannt,0.0007,0.7978,0.0004,0.0641,0.0024
1,5,unbekannt,0.0009,0.9367,0.0005,0.0984,0.0028
1,6,bekannt,0.0057,0.1499,0.0273,0.101,0.0119
1,6,unbekannt,0.0034,0.1234,0.0241,0.0534,0.0044
1,7,bekannt,0.0075,0.2802,0.0685,0.0503,0.0425
1,7,unbekannt,0.0116,0.0827,0.0948,0.005,0.0149
1,8,bekannt,0.0036,0.0947,0.0163,0.0367,0.0112
1,8,unbekannt,0.0029,0.458,0.0174,0.0316,0.0042
1,9,bekannt,0.0108,0.2228,0.1132,0.0913,0.0465
1,9,unbekannt,0.0112,0.1528,0.1365,0.0388,0.0194
1,10,bekannt,0.0245,0.7404,0.004,0.1427,0.0298
1,10,unbekannt,0.015,0.9693,0.0101,0.2217,0.0244
1,11,bekannt,0.0004,0.8992,0.0,0.0446,0.0006
1,11,unbekannt,0.0001,0.9049,0.0,0.0103,0.0001
1,12,bekannt,0.0186,0.2984,0.0371,0.1285,0.2112
1,12,unbekannt,0.0238,0.1467,0.051,0.0935,0.2091
1,13,bekannt,0.0012,0.1312,0.028,0.0528,0.0068
1,13,unbekannt,0.0009,0.1811,0.0374,0.014,0.0019
1,14,bekannt,0.0089,0.1259,0.0302,0.0969,0.0212
1,14,unbekannt,0.0067,0.1666,0.0337,0.1026,0.0154
1,15,bekannt,0.0072,0.7284,0.0147,0.0171,0.0086
1,15,unbekannt,0.01,0.8087,0.0346,0.0274,0.0128
2,0,bekannt,0.0013,0.1944,0.0331,0.1018,0.6922
2,0,unbekannt,0.0022,0.174,0.0601,0.0733,0.6671
2,1,bekannt,0.03,0.1319,0.0686,0.0331,0.1017
2,1,unbekannt,0.0267,0.1969,0.092,0.0474,0.1103
2,2,bekannt,0.0332,0.1779,0.0509,0.0427,0.1087
2,2,unbekannt,0.0232,0.1386,0.0613,0.024,0.0646
2,3,bekannt,0.0071,0.1883,0.0355,0.0873,0.1007
2,3,unbekannt,0.0132,0.1972,0.0377,0.115,0.1118
2,4,bekannt,0.0027,0.1704,0.0999,0.0238,0.0247
2,4,unbekannt,0.0028,0.1346,0.1008,0.0092,0.0076
2,5,bekannt,0.0,0.0,0.0433,0.0389,0.5194
2,5,unbekannt,0.0001,0.0,0.0499,0.0208,0.307
2,6,bekannt,0.0097,0.2623,0.0392,0.1142,0.1017
2,6,unbekannt,0.0049,0.2091,0.0358,0.1097,0.0606
2,7,bekannt,0.864,0.2612,0.0036,0.008,0.8768
2,7,unbekannt,0.9549,0.2686,0.0012,0.0014,0.9565
2,8,bekannt,0.0123,0.2429,0.0267,0.065,0.0639
2,8,unbekannt,0.0061,0.1776,0.0331,0.022,0.0177
2,9,bekannt,0.0048,0.3351,0.0465,0.092,0.0504
2,9,unbekannt,0.0053,0.1519,0.0615,0.0529,0.0195
2,10,bekannt,0.0122,0.1223,0.0373,0.1308,0.0863
2,10,unbekannt,0.0107,0.1929,0.0433,0.1193,0.0509
2,11,bekannt,0.0398,0.0492,0.0384,0.0829,0.1707
2,11,unbekannt,0.0182,0.0519,0.0401,0.0958,0.1669
2,12,bekannt,0.0114,0.0661,0.0303,0.0252,0.033
2,12,unbekannt,0.0082,0.0811,0.0368,0.0137,0.0176
2,13,bekannt,0.0296,0.2025,0.0237,0.1105,0.0752
2,13,unbekannt,0.0355,0.2844,0.0243,0.281,0.0655
2,14,bekannt,0.0178,0.262,0.0668,0.0414,0.0629
2,14,unbekannt,0.0079,0.2274,0.0778,0.0452,0.0292
2,15,bekannt,0.0206,0.3094,0.0255,0.0957,0.0451
2,15,unbekannt,0.0229,0.3315,0.0257,0.1181,0.0403
3,0,bekannt,0.1065,0.0846,0.0764,0.0237,0.1793
3,0,unbekannt,0.123,0.1016,0.0715,0.0341,0.1906
3,1,bekannt,0.2098,0.1797,0.1328,0.0396,0.2488
3,1,unbekannt,0.1737,0.1958,0.141,0.0577,0.2089
3,2,bekannt,0.015,0.2464,0.1322,0.0368,0.0608
3,2,unbekannt,0.0092,0.3495,0.154,0.0559,0.0421
3,3,bekannt,0.0016,0.2627,0.0176,0.0668,0.0081
3,3,unbekannt,0.0034,0.4179,0.0147,0.1391,0.0076
3,4,bekannt,0.068,0.0842,0.0931,0.077,0.1269
3,4,unbekannt,0.0789,0.1067,0.0965,0.0922,0.1339
3,5,bekannt,0.0019,0.7151,0.061,0.1998,0.0519
3,5,unbekannt,0.0018,0.9755,0.0852,0.279,0.0296
3,6,bekannt,0.0191,0.18,0.1647,0.0579,0.0968
3,6,unbekannt,0.0273,0.1279,0.1492,0.0548,0.0861
3,7,bekannt,0.0106,0.1414,0.194,0.0827,0.0789
3,7,unbekannt,0.0266,0.2671,0.2659,0.0907,0.1033
3,8,bekannt,0.0085,0.2004,0.1406,0.2094,0.0274
3,8,unbekannt,0.0047,0.2144,0.1297,0.235,0.0196
3,9,bekannt,0.0133,0.4049,0.0756,0.075,0.0876
3,9,unbekannt,0.0091,0.4411,0.0736,0.0715,0.0603
3,10,bekannt,0.0362,0.3401,0.0975,0.1064,0.131
3,10,unbekannt,0.0152,0.3684,0.1236,0.0734,0.0614
3,11,bekannt,0.0092,0.2685,0.0825,0.1841,0.1078
3,11,unbekannt,0.0175,0.2298,0.0953,0.102,0.0742
3,12,bekannt,0.0184,0.0484,0.037,0.1419,0.1299
3,12,unbekannt,0.0077,0.1097,0.0313,0.1053,0.073
3,13,bekannt,0.9318,0.2401,0.013,0.0039,0.9379
3,13,unbekannt,0.9285,0.2562,0.009,0.0064,0.9359
3,14,bekannt,0.0055,0.2625,0.1435,0.0173,0.0336
3,14,unbekannt,0.0032,0.2506,0.1393,0.0157,0.013
3,15,bekannt,0.0032,0.2723,0.1866,0.0909,0.0111
3,15,unbekannt,0.0052,0.7134,0.2363,0.1905,0.012
4,0,bekannt,0.0011,0.0014,0.9078,0.0018,0.005
4,0,unbekannt,0.0054,0.0037,0.8477,0.0062,0.0161
4,1,bekannt,0.0706,0.0003,0.5262,0.0004,0.0727
4,1,unbekannt,0.0597,0.0003,0.6331,0.0015,0.0677
4,2,bekannt,0.0044,0.0051,0.8498,0.0027,0.0108
4,2,unbekannt,0.0175,0.0124,0.8263,0.0052,0.0272
4,3,bekannt,0.0894,0.0048,0.8053,0.0038,0.1075
4,3,unbekannt,0.1108,0.0089,0.7699,0.0048,0.1336
4,4,bekannt,0.0092,0.0333,0.6802,0.0784,0.0938
4,4,unbekannt,0.0064,0.017,0.5774,0.1076,0.1176
4,5,bekannt,0.6229,0.0053,0.1992,0.0083,0.6254
4,5,unbekannt,0.6016,0.0028,0.209,0.0061,0.6042
4,6,bekannt,0.0006,0.1342,0.0104,0.015,0.0037
4,6,unbekannt,0.001,0.1993,0.0094,0.0245,0.0022
4,7,bekannt,0.1048,0.0001,0.4466,0.0245,0.4632
4,7,unbekannt,0.0251,0.0006,0.3459,0.0284,0.5117
4,8,bekannt,0.9379,0.0004,0.0525,0.0001,0.9381
4,8,unbekannt,0.8889,0.0003,0.0952,0.0,0.8891
4,9,bekannt,0.056,0.0098,0.6091,0.0425,0.1161
4,9,unbekannt,0.023,0.0105,0.6822,0.0189,0.0434
4,10,bekannt,0.0051,0.0037,0.777,0.01,0.0131
4,10,unbekannt,0.0043,0.0081,0.7586,0.0172,0.0179
4,11,bekannt,0.0705,0.0263,0.5966,0.0095,0.1263
4,11,unbekannt,0.1201,0.0941,0.5378,0.0185,0.2436
4,12,bekannt,0.004,0.0541,0.7468,0.0109,0.0257
4,12,unbekannt,0.0029,0.0325,0.7359,0.0067,0.0154
4,13,bekannt,0.0144,0.0036,0.789,0.0179,0.0823
4,13,unbekannt,0.0457,0.0078,0.8008,0.0125,0.0893
4,14,bekannt,0.0035,0.0027,0.6713,0.011,0.0102
4,14,unbekannt,0.0035,0.0022,0.6007,0.0118,0.0095
4,15,bekannt,0.0005,0.7345,0.0016,0.0644,0.0012
4,15,unbekannt,0.0003,0.8043,0.0014,0.0786,0.0005
5,0,bekannt,0.0019,0.1733,0.6135,0.1833,0.0269
5,0,unbekannt,0.0011,0.1666,0.6141,0.2614,0.0231
5,1,bekannt,0.0005,0.0019,0.8997,0.0098,0.0029
5,1,unbekannt,0.0004,0.0011,0.8926,0.0211,0.0036
5,2,bekannt,0.0183,0.022,0.6638,0.0021,0.0227
5,2,unbekannt,0.0148,0.0261,0.6378,0.0023,0.0182
5,3,bekannt,0.0077,0.0088,0.8698,0.0213,0.0149
5,3,unbekannt,0.0145,0.0202,0.9119,0.0194,0.0228
5,4,bekannt,0.3746,0.0001,0.6119,0.0056,0.375
5,4,unbekannt,0.3076,0.0001,0.6746,0.006,0.308
5,5,bekannt,0.0773,0.0064,0.5122,0.0387,0.1711
5,5,unbekannt,0.0623,0.0084,0.509,0.0529,0.1561
5,6,bekannt,0.0132,0.0494,0.6792,0.2141,0.0319
5,6,unbekannt,0.009,0.0637,0.7278,0.1899,0.0183
5,7,bekannt,0.0018,0.0257,0.8758,0.0346,0.0224
5,7,unbekannt,0.0011,0.0059,0.8965,0.0285,0.0118
5,8,bekannt,0.892,0.0002,0.0714,0.0008,0.8925
5,8,unbekannt,0.9482,0.0004,0.0221,0.0004,0.9486
5,9,bekannt,0.0002,0.0012,0.8781,0.0033,0.0007
5,9,unbekannt,0.0004,0.0044,0.8413,0.0024,0.0008
5,10,bekannt,0.0034,0.0027,0.7057,0.0098,0.0098
5,10,unbekannt,0.0053,0.0058,0.6707,0.0087,0.0106
5,11,bekannt,0.0001,0.0001,0.5423,0.0554,0.388
5,11,unbekannt,0.0,0.0,0.5198,0.0659,0.3999
5,12,bekannt,0.0452,0.0111,0.556,0.1038,0.2405
5,12,unbekannt,0.0301,0.0193,0.4792,0.1368,0.307
5,13,bekannt,0.0102,0.0083,0.9469,0.0018,0.0171
5,13,unbekannt,0.018,0.0126,0.9255,0.0043,0.0328
5,14,bekannt,0.0536,0.0625,0.7774,0.0194,0.0694
5,14,unbekannt,0.0419,0.0451,0.8229,0.0164,0.0548
5,15,bekannt,0.0262,0.0624,0.2767,0.0446,0.0866
5,15,unbekannt,0.0317,0.0752,0.3234,0.0498,0.0788
6,0,bekannt,0.0021,0.0052,0.8937,0.0131,0.0084
6,0,unbekannt,0.0012,0.0057,0.8856,0.0103,0.0067
6,1,bekannt,0.004,0.0306,0.7964,0.0527,0.0081
6,1,unbekannt,0.0017,0.0285,0.7847,0.0556,0.0053
6,2,bekannt,0.002,0.1499,0.6764,0.0547,0.0038
6,2,unbekannt,0.0009,0.2233,0.838,0.0656,0.0026
6,3,bekannt,0.0031,0.0378,0.856,0.0099,0.0127
6,3,unbekannt,0.0028,0.03,0.8657,0.0184,0.0105
6,4,bekannt,0.0033,0.0139,0.7713,0.028,0.0087
6,4,unbekannt,0.0108,0.0186,0.9096,0.0289,0.0124
6,5,bekannt,0.0193,0.0496,0.4596,0.0085,0.0422
6,5,unbekannt,0.0112,0.1008,0.5184,0.0084,0.0223
6,6,bekannt,0.0082,0.0026,0.8234,0.0212,0.0155
6,6,unbekannt,0.0083,0.0009,0.8165,0.0204,0.0124
6,7,bekannt,0.0002,0.003,0.8087,0.0032,0.0005
6,7,unbekannt,0.0003,0.004,0.7099,0.0029,0.0005
6,8,bekannt,0.0014,0.0143,0.2983,0.0176,0.0059
6,8,unbekannt,0.0016,0.0305,0.194,0.0114,0.0039
6,9,bekannt,0.0185,0.0303,0.7461,0.0297,0.0559
6,9,unbekannt,0.028,0.0327,0.7024,0.0335,0.0566
6,10,bekannt,0.0067,0.184,0.3337,0.0578,0.017
6,10,unbekannt,0.0045,0.2079,0.3336,0.0801,0.0128
6,11,bekannt,0.0095,0.0285,0.8026,0.0295,0.0221
6,11,unbekannt,0.0164,0.0487,0.7827,0.0497,0.0314
6,12,bekannt,0.0245,0.0474,0.5405,0.0772,0.0754
6,12,unbekannt,0.0482,0.0525,0.5001,0.0823,0.0893
6,13,bekannt,0.0422,0.0175,0.3081,0.016,0.0696
6,13,unbekannt,0.022,0.0616,0.3012,0.0173,0.0396
6,14,bekannt,0.0134,0.0033,0.7,0.0037,0.0156
6,14,unbekannt,0.0123,0.0049,0.6654,0.0049,0.0146
6,15,bekannt,0.0007,0.0142,0.9537,0.0049,0.0011
6,15,unbekannt,0.0004,0.0179,0.9541,0.0091,0.0007
7,0,bekannt,0.003,0.0044,0.7266,0.013,0.0089
7,0,unbekannt,0.0025,0.0032,0.6687,0.0161,0.008
7,1,bekannt,0.0247,0.0321,0.8323,0.0366,0.0575
7,1,unbekannt,0.0279,0.04,0.8597,0.0391,0.0457
7,2,bekannt,0.0081,0.0149,0.8231,0.0298,0.0223
7,2,unbekannt,0.0086,0.0227,0.8474,0.0372,0.0193
7,3,bekannt,0.5832,0.0018,0.1874,0.0044,0.5843
7,3,unbekannt,0.4689,0.0014,0.0618,0.001,0.4698
7,4,bekannt,0.0039,0.0025,0.9135,0.0099,0.0091
7,4,unbekannt,0.0151,0.0021,0.8864,0.0117,0.0185
7,5,bekannt,0.0129,0.1182,0.7411,0.0181,0.0174
7,5,unbekannt,0.0141,0.1382,0.7596,0.0199,0.0182
7,6,bekannt,0.1979,0.0034,0.4669,0.0456,0.3461
7,6,unbekannt,0.2115,0.0073,0.4408,0.0454,0.3357
7,7,bekannt,0.0376,0.0027,0.7989,0.0073,0.0442
7,7,unbekannt,0.0926,0.0025,0.7191,0.0073,0.1011
7,8,bekannt,0.0263,0.0345,0.2537,0.227,0.0509
7,8,unbekannt,0.0215,0.0505,0.1657,0.3366,0.0478
7,9,bekannt,0.0029,0.0188,0.9201,0.0049,0.0052
7,9,unbekannt,0.008,0.0245,0.8945,0.0054,0.0114
7,10,bekannt,0.1625,0.0016,0.7115,0.0066,0.1661
7,10,unbekannt,0.1642,0.004,0.6541,0.0059,0.1687
7,11,bekannt,0.0103,0.0186,0.8064,0.0122,0.021
7,11,unbekannt,0.0138,0.0237,0.7215,0.013,0.0264
7,12,bekannt,0.0159,0.0042,0.7692,0.0044,0.0211
7,12,unbekannt,0.0177,0.0027,0.7578,0.0051,0.0225
7,13,bekannt,0.0439,0.0235,0.6938,0.0096,0.0727
7,13,unbekannt,0.0386,0.0231,0.6477,0.0062,0.0503
7,14,bekannt,0.0009,0.0075,0.6468,0.0114,0.0014
7,14,unbekannt,0.0003,0.0075,0.5727,0.0076,0.0005
7,15,bekannt,0.0252,0.0002,0.1116,0.0444,0.8268
7,15,unbekannt,0.0167,0.0005,0.0556,0.0254,0.9077
8,0,bekannt,0.0575,0.0164,0.6146,0.1302,0.1496
8,0,unbekannt,0.0536,0.032,0.6088,0.1063,0.18
8,1,bekannt,0.0168,0.1343,0.647,0.1427,0.0598
8,1,unbekannt,0.0112,0.2953,0.7704,0.1018,0.0294
8,2,bekannt,0.0034,0.0141,0.8275,0.0132,0.0081
8,2,unbekannt,0.0049,0.012,0.8155,0.0122,0.0086
8,3,bekannt,0.0167,0.0523,0.668,0.0097,0.0294
8,3,unbekannt,0.0126,0.0698,0.5634,0.0154,0.0267
8,4,bekannt,0.0005,0.401,0.3307,0.0392,0.0009
8,4,unbekannt,0.0001,0.6364,0.4012,0.0404,0.0001
8,5,bekannt,0.0227,0.1038,0.3642,0.2849,0.1059
8,5,unbekannt,0.0269,0.0918,0.2762,0.3977,0.1032
8,6,bekannt,0.1096,0.003,0.129,0.0054,0.1446
8,6,unbekannt,0.0611,0.0049,0.0622,0.005,0.0927
8,7,bekannt,0.0669,0.0111,0.6719,0.018,0.0891
8,7,unbekannt,0.1,0.0223,0.6097,0.0193,0.1211
8,8,bekannt,0.0046,0.0076,0.6417,0.0148,0.011
8,8,unbekannt,0.0053,0.0081,0.5774,0.0235,0.0122
8,9,bekannt,0.0123,0.1529,0.1193,0.0209,0.0243
8,9,unbekannt,0.0048,0.1779,0.0997,0.0195,0.0096
8,10,bekannt,0.0213,0.0091,0.7708,0.0094,0.0302
8,10,unbekannt,0.0287,0.0082,0.7478,0.0099,0.0392
8,11,bekannt,0.0015,0.0327,0.7495,0.0249,0.0039
8,11,unbekannt,0.0013,0.0217,0.7634,0.0258,0.0022
8,12,bekannt,0.0006,0.1718,0.7812,0.0406,0.0034
8,12,unbekannt,0.0006,0.2395,0.7576,0.0913,0.0029
8,13,bekannt,0.0025,0.012,0.9057,0.0084,0.006
8,13,unbekannt,0.0013,0.0129,0.9188,0.0085,0.0039
8,14,bekannt,0.0191,0.0351,0.7699,0.0234,0.0328
8,14,unbekannt,0.0168,0.0726,0.7238,0.0238,0.0342
8,15,bekannt,0.0003,0.0644,0.5214,0.0582,0.0008
8,15,unbekannt,0.0002,0.057,0.504,0.0485,0.0004
9,0,bekannt,0.0358,0.0653,0.7414,0.0681,0.0627
9,0,unbekannt,0.0265,0.0911,0.7949,0.0467,0.0431
9,1,bekannt,0.038,0.0042,0.4237,0.0468,0.5206
9,1,unbekannt,0.0451,0.0047,0.3418,0.041,0.6003
9,2,bekannt,0.0027,0.0102,0.8585,0.0037,0.0054
9,2,unbekannt,0.006,0.01,0.8963,0.0015,0.0064
9,3,bekannt,0.0083,0.0596,0.6385,0.0377,0.0166
9,3,unbekannt,0.0196,0.1574,0.7042,0.063,0.0303
9,4,bekannt,0.0154,0.0161,0.6997,0.0296,0.0291
9,4,unbekannt,0.0155,0.0246,0.6763,0.0305,0.0258
9,5,bekannt,0.0362,0.064,0.6097,0.0781,0.0751
9,5,unbekannt,0.0466,0.0534,0.5689,0.0579,0.086
9,6,bekannt,0.0103,0.0382,0.677,0.0214,0.0275
9,6,unbekannt,0.0141,0.0332,0.6463,0.0315,0.0325
9,7,bekannt,0.0018,0.0135,0.7038,0.0273,0.0025
9,7,unbekannt,0.0013,0.0181,0.7204,0.0262,0.0016
9,8,bekannt,0.0402,0.0022,0.826,0.0079,0.0619
9,8,unbekannt,0.0456,0.0073,0.8176,0.0076,0.0693
9,9,bekannt,0.0582,0.0052,0.6406,0.0484,0.1911
9,9,unbekannt,0.0902,0.008,0.6305,0.0427,0.1952
9,10,bekannt,0.0065,0.0068,0.9437,0.0029,0.0157
9,10,unbekannt,0.0024,0.0086,0.9558,0.002,0.0056
9,11,bekannt,0.0044,0.0176,0.7604,0.0051,0.0076
9,11,unbekannt,0.0051,0.0092,0.7095,0.0027,0.007
9,12,bekannt,0.0116,0.0052,0.9522,0.0071,0.0163
9,12,unbekannt,0.0111,0.0059,0.9485,0.0078,0.0143
9,13,bekannt,0.0258,0.0159,0.7578,0.0244,0.0337
9,13,unbekannt,0.0253,0.0251,0.7409,0.0183,0.0346
9,14,bekannt,0.0072,0.1678,0.6902,0.0568,0.0454
9,14,unbekannt,0.0127,0.2054,0.7419,0.0304,0.0306
9,15,bekannt,0.036,0.0105,0.7027,0.0195,0.0728
9,15,unbekannt,0.0677,0.0136,0.627,0.0199,0.1071
10,0,bekannt,0.8344,0.0004,0.1394,0.0008,0.8356
10,0,unbekannt,0.9435,0.0012,0.0452,0.0005,0.9445
10,1,bekannt,0.0004,0.0153,0.7098,0.0166,0.0008
10,1,unbekannt,0.0008,0.0163,0.5634,0.0231,0.0011
10,2,bekannt,0.0008,0.0452,0.8811,0.0319,0.0014
10,2,unbekannt,0.0009,0.0844,0.9071,0.0288,0.0014
10,3,bekannt,0.0218,0.0157,0.8411,0.0174,0.0372
10,3,unbekannt,0.0245,0.0156,0.8114,0.0318,0.0368
10,4,bekannt,0.3135,0.0183,0.4886,0.0519,0.3443
10,4,unbekannt,0.3593,0.0217,0.4285,0.0336,0.3921
10,5,bekannt,0.1024,0.059,0.4874,0.1219,0.1857
10,5,unbekannt,0.096,0.0778,0.4131,0.1819,0.1707
10,6,bekannt,0.0028,0.005,0.95,0.0006,0.0054
10,6,unbekannt,0.0053,0.005,0.9255,0.0006,0.0069
10,7,bekannt,0.0404,0.0218,0.8007,0.0378,0.0452
10,7,unbekannt,0.0312,0.0248,0.7678,0.0509,0.0384
10,8,bekannt,0.1935,0.0003,0.7983,0.0003,0.1937
10,8,unbekannt,0.1145,0.0002,0.8774,0.0002,0.1149
10,9,bekannt,0.0124,0.001,0.9756,0.002,0.014
10,9,unbekannt,0.0173,0.0017,0.9702,0.0024,0.0192
10,10,bekannt,0.0116,0.0724,0.6366,0.0177,0.0252
10,10,unbekannt,0.0149,0.0447,0.5394,0.021,0.0259
10,11,bekannt,0.022,0.0015,0.9463,0.0012,0.0294
10,11,unbekannt,0.0444,0.0007,0.9286,0.0004,0.0458
10,12,bekannt,0.0003,0.0098,0.9575,0.0056,0.0012
10,12,unbekannt,0.0004,0.011,0.9362,0.0101,0.001
10,13,bekannt,0.0086,0.0092,0.9059,0.0026,0.0183
10,13,unbekannt,0.014,0.0156,0.8809,0.0021,0.0216
10,14,bekannt,0.0082,0.1487,0.5136,0.0647,0.02
10,14,unbekannt,0.0074,0.3293,0.5707,0.0975,0.02
10,15,bekannt,0.0017,0.0041,0.9661,0.007,0.0092
10,15,unbekannt,0.0014,0.0035,0.9774,0.0055,0.0037
11,0,bekannt,0.0021,0.0137,0.9555,0.0054,0.0137
11,0,unbekannt,0.0023,0.0067,0.9569,0.0029,0.0053
11,1,bekannt,0.0082,0.0053,0.9321,0.0031,0.0142
11,1,unbekannt,0.0081,0.0123,0.9279,0.0033,0.0108
11,2,bekannt,0.0249,0.099,0.2671,0.5967,0.0774
11,2,unbekannt,0.0204,0.0941,0.1544,0.7106,0.0925
11,3,bekannt,0.0947,0.0283,0.7054,0.0366,0.1709
11,3,unbekannt,0.1718,0.1188,0.6485,0.0299,0.2515
11,4,bekannt,0.0025,0.1004,0.6409,0.0616,0.0075
11,4,unbekannt,0.0021,0.1467,0.715,0.0811,0.0048
11,5,bekannt,0.0066,0.0061,0.9565,0.0026,0.0111
11,5,unbekannt,0.0076,0.0128,0.9458,0.0042,0.0126
11,6,bekannt,0.0835,0.0058,0.8393,0.0007,0.0853
11,6,unbekannt,0.1505,0.0108,0.7642,0.001,0.1522
11,7,bekannt,0.0001,0.0337,0.9722,0.0054,0.0006
11,7,unbekannt,0.0001,0.0391,0.9577,0.0097,0.0005
11,8,bekannt,0.0273,0.0051,0.8135,0.0099,0.045
11,8,unbekannt,0.0295,0.0102,0.8252,0.0128,0.0441
11,9,bekannt,0.0003,0.4723,0.4574,0.2238,0.0029
11,9,unbekannt,0.0001,0.6878,0.4415,0.4812,0.002
11,10,bekannt,0.0426,0.0015,0.9152,0.0032,0.0556
11,10,unbekannt,0.0788,0.0022,0.8742,0.0002,0.0793
11,11,bekannt,0.3413,0.0582,0.3103,0.0554,0.4383
11,11,unbekannt,0.3047,0.0538,0.3184,0.033,0.3603
11,12,bekannt,0.0163,0.0041,0.96,0.0016,0.0207
11,12,unbekannt,0.0156,0.0028,0.9526,0.0006,0.0172
11,13,bekannt,0.0301,0.0131,0.9099,0.0032,0.0403
11,13,unbekannt,0.0318,0.0606,0.8633,0.0054,0.0496
11,14,bekannt,0.0544,0.0112,0.7082,0.0168,0.0762
11,14,unbekannt,0.0833,0.0134,0.5958,0.0311,0.1116
11,15,bekannt,0.0647,0.0298,0.6873,0.0501,0.0969
11,15,unbekannt,0.0489,0.0252,0.7237,0.03,0.0658
12,0,bekannt,0.0084,0.0019,0.9555,0.0003,0.0089
12,0,unbekannt,0.0156,0.0016,0.9276,0.0004,0.0161
12,1,bekannt,0.0325,0.0135,0.6076,0.0092,0.0443
12,1,unbekannt,0.0242,0.0155,0.6019,0.0072,0.0313
12,2,bekannt,0.0028,0.0271,0.8984,0.0329,0.0114
12,2,unbekannt,0.0044,0.0267,0.8943,0.0222,0.0094
12,3,bekannt,0.0009,0.2214,0.1698,0.6425,0.0151
12,3,unbekannt,0.0003,0.1597,0.1103,0.8638,0.0078
12,4,bekannt,0.0008,0.0015,0.9641,0.0002,0.0015
12,4,unbekannt,0.0004,0.0012,0.9564,0.0003,0.0012
12,5,bekannt,0.0397,0.0865,0.6541,0.1543,0.0574
12,5,unbekannt,0.0275,0.1446,0.6747,0.1507,0.0464
12,6,bekannt,0.0086,0.0044,0.9602,0.0022,0.0154
12,6,unbekannt,0.0066,0.004,0.9694,0.0011,0.0092
12,7,bekannt,0.3385,0.0104,0.5119,0.0468,0.3585
12,7,unbekannt,0.3146,0.0155,0.5132,0.0526,0.3332
12,8,bekannt,0.0202,0.0945,0.3422,0.2565,0.0381
12,8,unbekannt,0.0254,0.1353,0.296,0.2935,0.0402
12,9,bekannt,0.0539,0.0492,0.524,0.0382,0.0873
12,9,unbekannt,0.0419,0.0313,0.5991,0.0401,0.0642
12,10,bekannt,0.0059,0.0187,0.7129,0.0239,0.019
12,10,unbekannt,0.01,0.0202,0.6965,0.018,0.0219
12,11,bekannt,0.8114,0.0037,0.174,0.0003,0.8118
12,11,unbekannt,0.8278,0.0052,0.1525,0.0001,0.8279
12,12,bekannt,0.0003,0.1123,0.7125,0.0189,0.0009
12,12,unbekannt,0.0002,0.1422,0.7809,0.0161,0.0005
12,13,bekannt,0.0008,0.0037,0.9873,0.0019,0.0025
12,13,unbekannt,0.0013,0.0025,0.9857,0.0013,0.0023
12,14,bekannt,0.0219,0.0094,0.9486,0.0042,0.0261
12,14,unbekannt,0.0332,0.0204,0.9238,0.0072,0.0394
12,15,bekannt,0.6938,0.0009,0.1921,0.0163,0.7157
12,15,unbekannt,0.504,0.0013,0.3463,0.0333,0.55
13,0,bekannt,0.0851,0.0014,0.7922,0.005,0.0916
13,0,unbekannt,0.0911,0.0058,0.7345,0.0085,0.1101
13,1,bekannt,0.54,0.0008,0.4553,0.0001,0.5402
13,1,unbekannt,0.5591,0.0073,0.429,0.0012,0.5605
13,2,bekannt,0.009,0.0028,0.9421,0.0023,0.0118
13,2,unbekannt,0.0104,0.0043,0.9249,0.0034,0.015
13,3,bekannt,0.0274,0.0913,0.2938,0.2367,0.3967
13,3,unbekannt,0.0109,0.0616,0.2695,0.2315,0.4595
13,4,bekannt,0.0,0.0,1.0,0.0,0.0
13,4,unbekannt,0.0,0.0,1.0,0.0,0.0
13,5,bekannt,0.0179,0.0038,0.9244,0.0027,0.0213
13,5,unbekannt,0.0082,0.0061,0.9242,0.0027,0.0123
13,6,bekannt,0.0268,0.004,0.8273,0.0053,0.0303
13,6,unbekannt,0.0316,0.0106,0.8093,0.0066,0.0368
13,7,bekannt,0.0134,0.0092,0.8373,0.0173,0.0452
13,7,unbekannt,0.0195,0.0199,0.7501,0.0354,0.0577
13,8,bekannt,0.0109,0.0281,0.8864,0.0127,0.0182
13,8,unbekannt,0.0138,0.0334,0.854,0.0176,0.0256
13,9,bekannt,0.0023,0.097,0.5667,0.3721,0.0216
13,9,unbekannt,0.002,0.057,0.6378,0.2842,0.0205
13,10,bekannt,0.0004,0.0017,0.9876,0.0018,0.0013
13,10,unbekannt,0.0003,0.003,0.9845,0.0007,0.0007
13,11,bekannt,0.0441,0.0128,0.8369,0.0151,0.0539
13,11,unbekannt,0.055,0.0243,0.8046,0.0249,0.0641
13,12,bekannt,0.0084,0.0129,0.8907,0.0348,0.0264
13,12,unbekannt,0.0106,0.0217,0.8824,0.0305,0.0235
13,13,bekannt,0.035,0.0009,0.9429,0.0036,0.0379
13,13,unbekannt,0.0514,0.0074,0.8897,0.0206,0.0716
13,14,bekannt,0.0042,0.0467,0.8611,0.0378,0.0138
13,14,unbekannt,0.0048,0.0248,0.8913,0.0192,0.0104
13,15,bekannt,0.1304,0.0008,0.8219,0.0029,0.1318
13,15,unbekannt,0.0732,0.0032,0.8478,0.0017,0.0745
14,0,bekannt,0.0286,0.0004,0.9584,0.0011,0.0291
14,0,unbekannt,0.0388,0.0007,0.9468,0.0011,0.0402
14,1,bekannt,0.0979,0.0407,0.3656,0.0441,0.5876
14,1,unbekannt,0.0001,0.0098,0.3512,0.0472,0.6012
14,2,bekannt,0.064,0.0148,0.7646,0.021,0.077
14,2,unbekannt,0.0372,0.0295,0.7571,0.0152,0.0616
14,3,bekannt,0.0,0.0,1.0,0.0,0.0
14,3,unbekannt,0.0,0.0,1.0,0.0,0.0
14,4,bekannt,0.0595,0.007,0.87,0.0152,0.0686
14,4,unbekannt,0.0204,0.0219,0.9016,0.0244,0.0392
14,5,bekannt,0.0192,0.0021,0.9414,0.0046,0.0239
14,5,unbekannt,0.0093,0.0074,0.9546,0.0049,0.0153
14,6,bekannt,0.7043,0.0005,0.2687,0.0005,0.7046
14,6,unbekannt,0.8364,0.0103,0.1388,0.0005,0.8374
14,7,bekannt,0.0248,0.0026,0.9249,0.0057,0.0348
14,7,unbekannt,0.0306,0.017,0.888,0.0167,0.065
14,8,bekannt,0.0008,0.0156,0.7843,0.0217,0.0012
14,8,unbekannt,0.0009,0.0179,0.6764,0.0391,0.0015
14,9,bekannt,0.0124,0.021,0.9251,0.0121,0.016
14,9,unbekannt,0.0204,0.0391,0.8685,0.0282,0.0306
14,10,bekannt,0.0007,0.0059,0.9855,0.0042,0.0029
14,10,unbekannt,0.0003,0.0056,0.9895,0.0028,0.0017
14,11,bekannt,0.7207,0.0026,0.2652,0.001,0.7229
14,11,unbekannt,0.6814,0.0073,0.2941,0.0037,0.6897
14,12,bekannt,0.0137,0.0039,0.9602,0.0018,0.0156
14,12,unbekannt,0.0189,0.0159,0.9493,0.0025,0.0229
14,13,bekannt,0.0008,0.0272,0.9369,0.0164,0.0023
14,13,unbekannt,0.0013,0.0175,0.923,0.0145,0.0028
14,14,bekannt,0.042,0.0606,0.661,0.235,0.0646
14,14,unbekannt,0.0427,0.0582,0.74,0.1462,0.0685
14,15,bekannt,0.0125,0.0166,0.7748,0.1028,0.027
14,15,unbekannt,0.0077,0.0272,0.799,0.0754,0.0186
15,0,bekannt,0.0194,0.004,0.9569,0.0019,0.0241
15,0,unbekannt,0.0261,0.0095,0.9396,0.0012,0.0318
15,1,bekannt,0.3066,0.0017,0.6762,0.0033,0.3093
15,1,unbekannt,0.2376,0.0108,0.6983,0.0185,0.2708
15,2,bekannt,0.0018,0.0079,0.851,0.1214,0.0079
15,2,unbekannt,0.0033,0.0043,0.9396,0.0233,0.007
15,3,bekannt,0.1107,0.0024,0.8726,0.0027,0.1127
15,3,unbekannt,0.1797,0.0057,0.7973,0.0039,0.1847
15,4,bekannt,0.0007,0.0193,0.9864,0.002,0.0024
15,4,unbekannt,0.0012,0.0148,0.9868,0.0016,0.0024
15,5,bekannt,0.0001,0.1089,0.5381,0.1367,0.0007
15,5,unbekannt,0.0001,0.176,0.6912,0.1452,0.001
15,6,bekannt,0.0349,0.0111,0.8921,0.0131,0.047
15,6,unbekannt,0.0229,0.0167,0.9068,0.0192,0.0416
15,7,bekannt,0.0391,0.0015,0.9249,0.0041,0.0436
15,7,unbekannt,0.0965,0.0171,0.838,0.0103,0.1114
15,8,bekannt,0.0016,0.0051,0.9658,0.0092,0.0041
15,8,unbekannt,0.0025,0.0139,0.9613,0.0079,0.0074
15,9,bekannt,0.2094,0.0104,0.77,0.0036,0.2159
15,9,unbekannt,0.2484,0.0078,0.7328,0.0023,0.2532
15,10,bekannt,0.0005,0.0297,0.4954,0.4962,0.0057
15,10,unbekannt,0.0005,0.0443,0.557,0.4269,0.0107
15,11,bekannt,0.5058,0.002,0.4482,0.0013,0.5066
15,11,unbekannt,0.724,0.005,0.2592,0.0004,0.7247
15,12,bekannt,0.0154,0.1686,0.6574,0.1677,0.0514
15,12,unbekannt,0.0098,0.2161,0.7384,0.1089,0.0388
15,13,bekannt,0.0055,0.0034,0.9682,0.0041,0.0109
15,13,unbekannt,0.0066,0.0328,0.935,0.0163,0.0278
15,14,bekannt,0.0778,0.0021,0.9058,0.003,0.0809
15,14,unbekannt,0.1291,0.0059,0.8453,0.0056,0.1353
15,15,bekannt,0.0246,0.0162,0.9567,0.0017,0.0275
15,15,unbekannt,0.0782,0.028,0.8931,0.0045,0.0853
16,0,bekannt,0.0408,0.0029,0.9416,0.0011,0.0425
16,0,unbekannt,0.0726,0.0055,0.9051,0.0019,0.075
16,1,bekannt,0.0099,0.0029,0.9596,0.0029,0.0141
16,1,unbekannt,0.0081,0.0135,0.9534,0.0064,0.0173
16,2,bekannt,0.0017,0.0016,0.9896,0.0005,0.0037
16,2,unbekannt,0.0026,0.0078,0.9881,0.0008,0.004
16,3,bekannt,0.5644,0.0172,0.3914,0.0099,0.5857
16,3,unbekannt,0.611,0.0205,0.3602,0.0059,0.6213
16,4,bekannt,0.0125,0.0014,0.9741,0.0007,0.0128
16,4,unbekannt,0.0223,0.0045,0.9587,0.0015,0.0229
16,5,bekannt,0.0333,0.0085,0.9313,0.0216,0.0371
16,5,unbekannt,0.027,0.0118,0.9519,0.0096,0.0311
16,6,bekannt,0.0078,0.1055,0.3064,0.164,0.015
16,6,unbekannt,0.0107,0.0757,0.4045,0.184,0.0154
16,7,bekannt,0.0029,0.0201,0.8976,0.0478,0.0172
16,7,unbekannt,0.0022,0.0187,0.9064,0.0282,0.0259
16,8,bekannt,0.0,0.0,1.0,0.0,0.0
16,8,unbekannt,0.0,0.0,1.0,0.0,0.0
16,9,bekannt,0.0003,0.0025,0.9659,0.0248,0.0029
16,9,unbekannt,0.0003,0.002,0.9642,0.0243,0.0023
16,10,bekannt,0.0005,0.0139,0.9712,0.0055,0.0021
16,10,unbekannt,0.0014,0.0335,0.9534,0.0152,0.0038
16,11,bekannt,0.0146,0.0391,0.6927,0.1677,0.0489
16,11,unbekannt,0.006,0.0465,0.7317,0.1103,0.0378
16,12,bekannt,0.0012,0.0365,0.8421,0.1255,0.0105
16,12,unbekannt,0.0004,0.0402,0.8364,0.1435,0.0132
16,13,bekannt,0.2709,0.0063,0.6952,0.01,0.2846
16,13,unbekannt,0.2539,0.0053,0.7198,0.0062,0.2631
16,14,bekannt,0.0042,0.0181,0.9157,0.0308,0.0158
16,14,unbekannt,0.0029,0.0124,0.9109,0.0162,0.0157
16,15,bekannt,0.0087,0.0025,0.9782,0.003,0.0098
16,15,unbekannt,0.017,0.0221,0.9506,0.0121,0.0257
17,0,bekannt,0.0593,0.0383,0.7593,0.0207,0.0744
17,0,unbekannt,0.0588,0.1074,0.7675,0.0308,0.0888
17,1,bekannt,0.0011,0.003,0.983,0.0006,0.0014
17,1,unbekannt,0.0013,0.0085,0.962,0.0004,0.0019
17,2,bekannt,0.0,0.0,1.0,0.0,0.0
17,2,unbekannt,0.0,0.0,1.0,0.0,0.0
17,3,bekannt,0.001,0.0065,0.9627,0.0118,0.0048
17,3,unbekannt,0.0034,0.0191,0.917,0.0323,0.0154
17,4,bekannt,0.0015,0.0374,0.933,0.0233,0.0123
17,4,unbekannt,0.0019,0.0516,0.9212,0.0306,0.0159
17,5,bekannt,0.0008,0.0007,0.9682,0.0008,0.0012
17,5,unbekannt,0.0009,0.0017,0.9713,0.0008,0.0013
17,6,bekannt,0.065,0.0269,0.7754,0.0155,0.0869
17,6,unbekannt,0.0748,0.1002,0.7737,0.0121,0.0955
17,7,bekannt,0.0351,0.0045,0.9357,0.0041,0.0406
17,7,unbekannt,0.0823,0.0144,0.8849,0.0046,0.0871
17,8,bekannt,0.0638,0.0747,0.8965,0.0086,0.0726
17,8,unbekannt,0.0803,0.0308,0.8573,0.007,0.0876
17,9,bekannt,0.0002,0.0177,0.9469,0.0465,0.0025
17,9,unbekannt,0.0008,0.0079,0.9662,0.025,0.0026
17,10,bekannt,0.0182,0.011,0.9615,0.0046,0.0229
17,10,unbekannt,0.0181,0.0148,0.9603,0.0048,0.0249
17,11,bekannt,0.001,0.0341,0.5832,0.3883,0.0046
17,11,unbekannt,0.0004,0.0344,0.5459,0.4363,0.0041
17,12,bekannt,0.0021,0.0623,0.6256,0.2842,0.0202
17,12,unbekannt,0.0064,0.1371,0.5993,0.3001,0.0316
17,13,bekannt,0.0357,0.0048,0.9424,0.0019,0.037
17,13,unbekannt,0.047,0.0091,0.9267,0.0029,0.0499
17,14,bekannt,0.0044,0.0071,0.9211,0.038,0.0099
17,14,unbekannt,0.0018,0.0056,0.9476,0.0224,0.0049
17,15,bekannt,0.0524,0.1397,0.7608,0.0857,0.0716
17,15,unbekannt,0.0645,0.3963,0.5269,0.2155,0.2279
18,0,bekannt,0.0188,0.0033,0.968,0.0016,0.0208
18,0,unbekannt,0.0318,0.005,0.9482,0.0038,0.0364
18,1,bekannt,0.0013,0.1204,0.8589,0.0771,0.004
18,1,unbekannt,0.0002,0.323,0.8865,0.107,0.0052
18,2,bekannt,0.0005,0.0071,0.9569,0.0087,0.0008
18,2,unbekannt,0.0008,0.0256,0.8954,0.0258,0.0021
18,3,bekannt,0.001,0.0201,0.9313,0.051,0.0042
18,3,unbekannt,0.0021,0.0295,0.9454,0.032,0.0102
18,4,bekannt,0.0011,0.0177,0.9604,0.0087,0.0034
18,4,unbekannt,0.0025,0.0296,0.9334,0.0127,0.0073
18,5,bekannt,0.0005,0.0068,0.9923,0.0035,0.0014
18,5,unbekannt,0.0013,0.0112,0.9836,0.0072,0.0036
18,6,bekannt,0.0637,0.0099,0.8147,0.0799,0.0819
18,6,unbekannt,0.0311,0.0117,0.9332,0.0085,0.0366
18,7,bekannt,0.0002,0.0024,0.9929,0.0013,0.0009
18,7,unbekannt,0.0005,0.0035,0.9899,0.0018,0.0015
18,8,bekannt,0.1338,0.0053,0.825,0.0024,0.136
18,8,unbekannt,0.0521,0.0574,0.8954,0.013,0.0668
18,9,bekannt,0.0017,0.0196,0.7453,0.0035,0.0028
18,9,unbekannt,0.0022,0.1707,0.9,0.0645,0.0337
18,10,bekannt,0.0005,0.0115,0.9666,0.0159,0.0021
18,10,unbekannt,0.0015,0.0258,0.9215,0.0329,0.012
18,11,bekannt,0.0264,0.0073,0.948,0.0022,0.0281
18,11,unbekannt,0.0395,0.0124,0.9375,0.0028,0.0439
18,12,bekannt,0.0023,0.0044,0.8474,0.139,0.0059
18,12,unbekannt,0.0031,0.0045,0.901,0.0824,0.0069
18,13,bekannt,0.008,0.2217,0.316,0.3624,0.0949
18,13,unbekannt,0.0263,0.3977,0.5986,0.2672,0.1062
18,14,bekannt,0.0033,0.0246,0.9422,0.0152,0.0095
18,14,unbekannt,0.0046,0.0452,0.9285,0.0273,0.0257
18,15,bekannt,0.0057,0.0145,0.9313,0.0325,0.0172
18,15,unbekannt,0.0066,0.0298,0.8954,0.0713,0.0196
19,0,bekannt,0.0026,0.3415,0.6803,0.1735,0.0124
19,0,unbekannt,0.003,0.545,0.8106,0.1584,0.0108
19,1,bekannt,0.0013,0.0303,0.9674,0.0111,0.002
19,1,unbekannt,0.0012,0.0837,0.9683,0.0201,0.0024
19,2,bekannt,0.0183,0.1478,0.5521,0.1295,0.0314
19,2,unbekannt,0.0151,0.2679,0.7013,0.1764,0.0408
19,3,bekannt,0.0248,0.0007,0.9678,0.0003,0.0251
19,3,unbekannt,0.0617,0.0111,0.9242,0.0014,0.0652
19,4,bekannt,0.0004,0.0022,0.9862,0.0031,0.0006
19,4,unbekannt,0.0003,0.0078,0.9826,0.0053,0.0015
19,5,bekannt,0.0056,0.001,0.9892,0.0007,0.0063
19,5,unbekannt,0.0079,0.0176,0.9817,0.0023,0.0114
19,6,bekannt,0.0849,0.0024,0.9007,0.0028,0.0866
19,6,unbekannt,0.1269,0.0342,0.8408,0.0104,0.1351
19,7,bekannt,0.0005,0.0404,0.8676,0.0811,0.0032
19,7,unbekannt,0.0006,0.0978,0.9111,0.0598,0.0028
19,8,bekannt,0.0002,0.0018,0.9093,0.0331,0.0002
19,8,unbekannt,0.0001,0.0034,0.957,0.0181,0.0003
19,9,bekannt,0.0016,0.0033,0.8854,0.0874,0.0033
19,9,unbekannt,0.0021,0.0049,0.9226,0.0395,0.0038
19,10,bekannt,0.0009,0.0099,0.9548,0.0013,0.001
19,10,unbekannt,0.0021,0.0115,0.8203,0.0042,0.0028
19,11,bekannt,0.1338,0.0017,0.8438,0.0027,0.1376
19,11,unbekannt,0.1433,0.0223,0.8299,0.0018,0.1474
19,12,bekannt,0.0019,0.023,0.9432,0.048,0.0043
19,12,unbekannt,0.0025,0.0619,0.9068,0.0797,0.0058
19,13,bekannt,0.0009,0.0181,0.5977,0.3805,0.0036
19,13,unbekannt,0.0003,0.0309,0.6062,0.3854,0.0038
19,14,bekannt,0.0082,0.0352,0.854,0.015,0.0153
19,14,unbekannt,0.0082,0.079,0.8737,0.0305,0.0139
19,15,bekannt,0.0031,0.0288,0.9378,0.0288,0.0084
19,15,unbekannt,0.0059,0.0635,0.9194,0.0385,0.0133
20,0,bekannt,0.0012,0.0008,0.9981,0.0005,0.0013
20,0,unbekannt,0.0006,0.0097,0.9955,0.0033,0.0008
20,1,bekannt,0.0659,0.0021,0.9253,0.0003,0.0662
20,1,unbekannt,0.0924,0.0052,0.8865,0.0002,0.0926
20,2,bekannt,0.0033,0.002,0.8909,0.0013,0.0054
20,2,unbekannt,0.003,0.0063,0.8867,0.0016,0.0051
20,3,bekannt,0.0021,0.0095,0.9605,0.0016,0.0023
20,3,unbekannt,0.0032,0.0248,0.7284,0.0064,0.0039
20,4,bekannt,0.0003,0.0773,0.9902,0.0047,0.0014
20,4,unbekannt,0.0002,0.2383,0.974,0.0199,0.0031
20,5,bekannt,0.0008,0.0068,0.9355,0.0293,0.0017
20,5,unbekannt,0.0014,0.0206,0.7698,0.1811,0.0057
20,6,bekannt,0.005,0.0932,0.6973,0.0385,0.0055
20,6,unbekannt,0.0109,0.0604,0.9313,0.0447,0.0118
20,7,bekannt,0.0003,0.0015,0.9961,0.0022,0.0004
20,7,unbekannt,0.0003,0.0037,0.9949,0.0015,0.0007
20,8,bekannt,0.0064,0.0106,0.974,0.0113,0.0085
20,8,unbekannt,0.031,0.0734,0.895,0.0308,0.0633
20,9,bekannt,0.0008,0.0241,0.9748,0.0127,0.0028
20,9,unbekannt,0.0006,0.0149,0.9668,0.0178,0.0028
20,10,bekannt,0.0011,0.0162,0.8811,0.103,0.0021
20,10,unbekannt,0.0013,0.0619,0.7428,0.2286,0.027
20,11,bekannt,0.1228,0.0083,0.8468,0.0013,0.1235
20,11,unbekannt,0.105,0.0472,0.8312,0.0026,0.1077
20,12,bekannt,0.0036,0.2303,0.7016,0.0564,0.0074
20,12,unbekannt,0.0056,0.6346,0.7473,0.2384,0.0097
20,13,bekannt,0.0001,0.0022,0.9988,0.0005,0.0001
20,13,unbekannt,0.0003,0.0196,0.9976,0.0008,0.0004
20,14,bekannt,0.0005,0.0016,0.9964,0.0005,0.0006
20,14,unbekannt,0.0007,0.0042,0.9928,0.0022,0.0015
20,15,bekannt,0.0814,0.001,0.9102,0.0002,0.0815
20,15,unbekannt,0.3243,0.0154,0.6503,0.0054,0.3351
21,0,bekannt,0.0049,0.0015,0.9905,0.0005,0.005
21,0,unbekannt,0.02,0.0368,0.9727,0.0019,0.0216
21,1,bekannt,0.0006,0.0041,0.0095,0.0054,0.0008
21,1,unbekannt,0.0022,0.0117,0.0073,0.0044,0.0022
21,2,bekannt,0.0008,0.3148,0.4327,0.3052,0.0036
21,2,unbekannt,0.0031,0.5262,0.8377,0.1392,0.0067
21,3,bekannt,0.0005,0.0571,0.974,0.0187,0.0012
21,3,unbekannt,0.002,0.0676,0.9362,0.0395,0.0048
21,4,bekannt,0.0001,0.0088,0.9749,0.0117,0.0008
21,4,unbekannt,0.0001,0.0109,0.9692,0.0152,0.0005
21,5,bekannt,0.0021,0.0083,0.9652,0.0182,0.0035
21,5,unbekannt,0.0079,0.0123,0.9557,0.0171,0.0092
21,6,bekannt,0.0001,0.0074,0.9952,0.0,0.0001
21,6,unbekannt,0.0015,0.0131,0.9775,0.0004,0.0016
21,7,bekannt,0.0,0.0043,0.8739,0.0234,0.0003
21,7,unbekannt,0.0004,0.0052,0.8848,0.0423,0.0005
21,8,bekannt,0.0001,0.0051,0.9917,0.0021,0.0002
21,8,unbekannt,0.0006,0.0056,0.974,0.0047,0.0014
21,9,bekannt,0.0,0.0001,0.9993,0.0,0.0
21,9,unbekannt,0.0,0.0001,0.9989,0.0,0.0
21,10,bekannt,0.0013,0.0016,0.916,0.0583,0.0073
21,10,unbekannt,0.0015,0.0343,0.945,0.0466,0.0029
21,11,bekannt,0.0001,0.0171,0.9364,0.0353,0.0003
21,11,unbekannt,0.0001,0.0912,0.9872,0.0098,0.0005
21,12,bekannt,0.0029,0.0134,0.7231,0.2288,0.021
21,12,unbekannt,0.0127,0.1648,0.8773,0.0795,0.0168
21,13,bekannt,0.0,0.0,0.9997,0.0,0.0
21,13,unbekannt,0.0002,0.0002,0.9979,0.0004,0.0002
21,14,bekannt,0.0003,0.024,0.7942,0.1379,0.0006
21,14,unbekannt,0.0008,0.107,0.5798,0.2127,0.0022
21,15,bekannt,0.0001,0.214,0.537,0.203,0.0133
21,15,unbekannt,0.0002,0.413,0.5623,0.4343,0.0024
22,0,bekannt,0.0,0.0005,0.9974,0.0019,0.0
22,0,unbekannt,0.0,0.0038,0.9943,0.0045,0.0001
22,1,bekannt,0.0009,0.0026,0.9894,0.0014,0.0009
22,1,unbekannt,0.0007,0.0976,0.9539,0.0402,0.0015
22,2,bekannt,0.0,0.0002,0.0034,0.9951,0.0001
22,2,unbekannt,0.0,0.0306,0.0032,0.9967,0.0001
22,3,bekannt,0.0,0.0015,0.9991,0.0001,0.0
22,3,unbekannt,0.0,0.0077,0.9837,0.008,0.0
22,4,bekannt,0.0003,0.0,0.9994,0.0,0.0003
22,4,unbekannt,0.0017,0.0027,0.9962,0.0004,0.0021
22,5,bekannt,0.0,0.0,0.9928,0.0,0.0
22,5,unbekannt,0.0,0.0005,0.9972,0.0001,0.0
22,6,bekannt,0.0905,0.0101,0.8893,0.0037,0.0993
22,6,unbekannt,0.1177,0.0098,0.8576,0.0081,0.1204
22,7,bekannt,0.0,0.0024,0.9971,0.0025,0.0
22,7,unbekannt,0.0,0.0039,0.9943,0.0047,0.0
22,8,bekannt,0.0,0.0018,0.9705,0.0087,0.0001
22,8,unbekannt,0.0001,0.0051,0.9667,0.0276,0.0006
22,9,bekannt,0.0005,0.0283,0.3975,0.4701,0.0019
22,9,unbekannt,0.0001,0.0405,0.1176,0.8732,0.0005
22,10,bekannt,0.0043,0.0835,0.9737,0.0012,0.0043
22,10,unbekannt,0.0184,0.1339,0.9571,0.0094,0.0187
22,11,bekannt,0.0,0.0035,0.8853,0.1143,0.0001
22,11,unbekannt,0.0001,0.0148,0.9125,0.0856,0.0015
22,12,bekannt,0.006,0.0351,0.0307,0.071,0.0078
22,12,unbekannt,0.0107,0.1174,0.015,0.4005,0.0127
22,13,bekannt,0.0,0.0023,0.9994,0.0,0.0
22,13,unbekannt,0.0,0.0045,0.9968,0.0011,0.0
22,14,bekannt,0.0,0.0002,0.9287,0.0628,0.0001
22,14,unbekannt,0.0,0.0001,0.9933,0.0009,0.0001
22,15,bekannt,0.0,0.0002,0.9995,0.0001,0.0
22,15,unbekannt,0.0,0.002,0.997,0.0013,0.0001
23,0,bekannt,0.0,0.0038,0.9768,0.001,0.0
23,0,unbekannt,0.0003,0.0025,0.8614,0.0091,0.0003
23,1,bekannt,0.005,0.007,0.897,0.002,0.0148
23,1,unbekannt,0.0092,0.0043,0.901,0.0006,0.0119
23,2,bekannt,0.0,0.0002,0.457,0.3733,0.0004
23,2,unbekannt,0.0,0.0077,0.0403,0.7215,0.0
23,3,bekannt,0.0001,0.0033,0.9878,0.0003,0.0001
23,3,unbekannt,0.0004,0.011,0.9572,0.0001,0.0004
23,4,bekannt,0.0,0.0,1.0,0.0,0.0
23,4,unbekannt,0.0,0.0,1.0,0.0,0.0
23,5,bekannt,0.0,0.0,0.9956,0.0044,0.0
23,5,unbekannt,0.0,0.0044,0.7839,0.2158,0.0003
23,6,bekannt,0.0,0.0,0.9996,0.0,0.0
23,6,unbekannt,0.0,0.0,0.9987,0.0,0.0
23,7,bekannt,0.0002,0.0151,0.5126,0.4609,0.0006
23,7,unbekannt,0.0022,0.0273,0.9394,0.0215,0.0028
23,8,bekannt,0.0,0.0002,0.9999,0.0,0.0
23,8,unbekannt,0.0,0.0003,0.9998,0.0,0.0
23,9,bekannt,0.0,0.0849,0.0119,0.7033,0.0
23,9,unbekannt,0.0,0.1667,0.0042,0.9665,0.0002
23,10,bekannt,0.0001,0.0006,0.9364,0.0008,0.0001
23,10,unbekannt,0.0,0.0062,0.6591,0.0169,0.0
23,11,bekannt,0.0003,0.0023,0.9867,0.0,0.0003
23,11,unbekannt,0.0012,0.0012,0.9729,0.0,0.0014
23,12,bekannt,0.0,0.0,1.0,0.0,0.0
23,12,unbekannt,0.0,0.0001,1.0,0.0,0.0
23,13,bekannt,0.0,0.0002,0.9989,0.0,0.0
23,13,unbekannt,0.0,0.0019,0.9775,0.0002,0.0
23,14,bekannt,0.0,0.1099,0.4628,0.1407,0.0
23,14,unbekannt,0.0,0.1512,0.5283,0.4588,0.0006
23,15,bekannt,0.0001,0.0033,0.9434,0.0,0.0001
23,15,unbekannt,0.0001,0.004,0.8629,0.0001,0.0001
