block,kopf,delta_mittel,delta_abs,delta_austritt,delta_eintritt,delta_115,delta_190,delta_197,delta_205,masse_de,masse_en,masse_pos0,masse_selbst,masse_de_austritt,masse_en_austritt
0,0,0.0023,0.0628,-0.0267,0.0802,-0.0101,-0.1073,-0.0084,0.0188,0.8789,0.0767,0.0087,0.0388,0.8623,0.1251
0,1,-0.0007,0.0305,-0.0092,-0.0204,-0.0181,-0.008,-0.011,0.0003,0.894,0.0334,0.0096,0.066,0.6578,0.2902
0,2,-0.03,0.3266,0.1845,0.6574,0.1589,0.7583,-0.1213,-0.0577,0.8961,0.0469,0.0209,0.0393,0.864,0.0986
0,3,0.0091,0.0532,-0.0155,0.0231,-0.0083,-0.0687,0.0006,0.0144,0.8542,0.0193,0.0039,0.1256,0.861,0.0646
0,4,0.0094,0.075,-0.0262,0.0996,-0.0208,-0.0015,-0.1041,0.0214,0.8811,0.0342,0.0087,0.079,0.525,0.4394
0,5,0.0229,0.1132,-0.0647,0.255,0.0003,-0.1593,-0.1357,0.0361,0.9076,0.0407,0.0068,0.0481,0.8532,0.1228
0,6,0.0218,0.1711,-0.0281,0.018,-0.1732,0.0304,0.053,-0.0225,0.8325,0.041,0.0079,0.1217,0.1615,0.8044
0,7,-0.0421,0.1995,-0.0024,-0.147,-0.0673,-0.08,0.0765,0.0614,0.9212,0.037,0.0112,0.0337,0.6746,0.2792
0,8,0.0114,0.0728,0.048,0.1021,0.1668,0.0657,0.0262,-0.0668,0.8403,0.0405,0.0049,0.1174,0.4421,0.4822
0,9,0.0065,0.053,0.0053,0.0365,0.0532,-0.0323,-0.0351,0.0355,0.8937,0.0368,0.015,0.0577,0.8333,0.1348
0,10,-0.0062,0.0513,0.0126,-0.008,0.035,-0.0022,0.029,-0.0113,0.8859,0.029,0.0068,0.0813,0.5885,0.3415
0,11,0.0001,0.1247,0.0293,0.0344,-0.0717,0.1561,-0.0237,0.0565,0.9024,0.0307,0.0117,0.0583,0.5372,0.3449
0,12,0.0057,0.076,0.0268,0.0994,-0.0054,-0.1192,0.124,0.1079,0.8418,0.0467,0.0053,0.1093,0.2582,0.7105
0,13,0.0041,0.0587,-0.0117,0.0401,-0.0092,0.0318,-0.0787,0.0092,0.8933,0.0381,0.0074,0.0642,0.7684,0.1836
0,14,0.0268,0.1596,0.0985,-0.0171,0.0858,0.2695,0.0841,-0.0454,0.8487,0.0392,0.0069,0.1082,0.3364,0.5764
0,15,-0.0104,0.0716,-0.0122,0.1002,0.055,-0.0426,-0.0663,0.0052,0.8763,0.0427,0.0115,0.0726,0.8254,0.1115
1,0,0.0154,0.0522,0.0177,-0.0146,-0.0011,0.0168,0.0214,0.0337,0.9068,0.0416,0.0119,0.0429,0.3277,0.6615
1,1,0.0013,0.0235,-0.0084,0.0267,0.0416,-0.021,-0.0592,0.0048,0.9212,0.0144,0.0104,0.0571,0.8722,0.1138
1,2,0.0137,0.1945,-0.0336,0.1788,-0.0212,-0.0728,-0.0182,-0.0222,0.9057,0.0534,0.0093,0.0347,0.6252,0.3448
1,3,0.0071,0.1436,0.0883,0.1095,0.0627,0.2386,0.0432,0.0084,0.8811,0.024,0.0072,0.0909,0.2213,0.7202
1,4,-0.0033,0.0344,-0.0058,-0.0516,-0.0223,0.0206,-0.0051,-0.0166,0.8713,0.043,0.0125,0.0763,0.8241,0.1542
1,5,0.0471,0.2066,0.1018,-0.12,0.1424,0.0632,0.0975,0.1041,0.8902,0.0278,0.0066,0.0785,0.1009,0.8625
1,6,0.0049,0.0349,0.0016,0.0132,0.0269,0.0225,-0.0249,-0.018,0.9079,0.0307,0.0083,0.0563,0.7593,0.2222
1,7,0.0098,0.0509,-0.0124,0.1072,-0.0029,0.0037,-0.0277,-0.0228,0.9088,0.0477,0.0132,0.0334,0.7996,0.1783
1,8,-0.001,0.0489,0.0317,0.0673,0.0469,0.0081,0.0874,-0.0156,0.8785,0.0464,0.0107,0.0675,0.2562,0.7277
1,9,0.0022,0.0274,-0.0076,0.0107,-0.0022,-0.0231,0.0089,-0.014,0.8843,0.053,0.0087,0.0571,0.5752,0.4146
1,10,0.0031,0.1339,0.0434,0.004,0.0752,0.0212,0.0522,0.0252,0.8631,0.037,0.0102,0.0928,0.1766,0.8098
1,11,0.026,0.2193,0.0449,0.1561,0.0777,0.0381,0.0806,-0.0166,0.8593,0.0519,0.0064,0.0855,0.0181,0.8733
1,12,-0.0094,0.0383,0.0012,-0.0052,0.0083,-0.0167,0.0146,-0.0012,0.8732,0.0389,0.0118,0.0793,0.8247,0.1255
1,13,0.0197,0.067,-0.0363,-0.0172,0.0006,-0.1524,-0.0126,0.0192,0.9135,0.0303,0.0084,0.051,0.5576,0.439
1,14,-0.0015,0.0273,0.0059,-0.0164,-0.0008,0.0013,0.001,0.0219,0.9253,0.0377,0.0104,0.0296,0.6223,0.3657
1,15,0.0268,0.1782,0.1139,-0.1971,0.0192,0.282,0.1036,0.0507,0.9051,0.0333,0.009,0.0556,0.049,0.9497
2,0,0.0084,0.0311,0.0231,0.0169,-0.0014,0.0468,0.0189,0.0281,0.8296,0.0287,0.0159,0.1289,0.7249,0.078
2,1,-0.0047,0.0521,0.0033,0.0453,0.0307,-0.0388,-0.0151,0.0362,0.8835,0.0393,0.0117,0.0686,0.6927,0.183
2,2,0.0021,0.0291,-0.0224,0.107,-0.0048,-0.1126,0.0048,0.0228,0.9085,0.0434,0.0153,0.0359,0.8462,0.1455
2,3,0.0124,0.0284,-0.0036,0.0015,0.0169,-0.0507,0.0106,0.0087,0.8806,0.0226,0.0109,0.089,0.7525,0.1398
2,4,0.0043,0.0298,0.0179,-0.0195,0.0049,0.0536,-0.0012,0.0145,0.8802,0.0617,0.0152,0.046,0.7381,0.251
2,5,0.0001,0.0244,-0.0027,0.0139,0.0035,-0.0283,0.0071,0.0068,0.9032,0.0028,0.0163,0.0808,0.9662,0.0017
2,6,0.0579,0.1079,-0.0493,0.147,-0.118,0.078,-0.0672,-0.0902,0.7789,0.0341,0.0134,0.1766,0.6673,0.1208
2,7,0.0027,0.0235,-0.0015,0.0064,-0.0048,-0.0073,0.0097,-0.0035,0.9288,0.0162,0.0182,0.0399,0.9677,0.0207
2,8,0.0069,0.026,-0.0132,0.0966,-0.0022,-0.0103,-0.0231,-0.0171,0.9177,0.0278,0.0143,0.0432,0.8727,0.0634
2,9,0.0167,0.0535,-0.0272,-0.0382,-0.0364,-0.0775,0.0222,-0.0172,0.8671,0.0422,0.0075,0.0864,0.4983,0.3544
2,10,-0.0074,0.0284,-0.0031,-0.0343,-0.0193,0.0091,-0.0077,0.0056,0.8652,0.0344,0.0191,0.0844,0.8287,0.0914
2,11,-0.0022,0.0334,-0.0003,-0.0093,-0.0191,0.0254,-0.0174,0.01,0.895,0.0226,0.0079,0.0776,0.8911,0.0566
2,12,-0.0005,0.0252,-0.0188,-0.0074,-0.0041,-0.0794,0.0022,0.0061,0.9038,0.0198,0.0175,0.062,0.9217,0.0609
2,13,0.0045,0.031,0.0123,-0.0055,0.0137,-0.0022,0.0295,0.0081,0.8878,0.0281,0.0177,0.0695,0.8707,0.1175
2,14,-0.0082,0.0455,-0.069,0.0487,-0.0505,-0.0393,-0.001,-0.1851,0.8607,0.0469,0.018,0.0775,0.8495,0.1287
2,15,0.0023,0.0874,0.0883,0.1422,0.0698,0.0841,0.1385,0.0608,0.813,0.0451,0.0143,0.1308,0.3789,0.5568
3,0,-0.0086,0.0651,-0.0046,0.0667,-0.0039,-0.0617,0.0325,0.0146,0.8441,0.0882,0.0382,0.0326,0.5699,0.3518
3,1,-0.0014,0.029,-0.0175,-0.0224,-0.0005,-0.0111,-0.0391,-0.0194,0.8045,0.0385,0.075,0.0852,0.6583,0.2909
3,2,0.0071,0.0476,-0.0244,0.0211,-0.0383,-0.0016,-0.0417,-0.0162,0.8565,0.0239,0.0384,0.0842,0.8131,0.1518
3,3,-0.0024,0.0656,-0.0254,0.0412,-0.0428,-0.0154,-0.0012,-0.0424,0.8043,0.0283,0.025,0.1454,0.5275,0.4279
3,4,-0.013,0.0587,0.0335,-0.1153,-0.004,0.1364,0.0008,0.0007,0.8368,0.0881,0.0171,0.0611,0.4462,0.3718
3,5,-0.0364,0.14,-0.0048,-0.1017,0.0184,-0.1297,0.1519,-0.0599,0.8359,0.0397,0.0241,0.1033,0.0795,0.7846
3,6,0.0107,0.0343,0.0024,0.0628,0.0209,-0.0675,0.0407,0.0154,0.8711,0.0548,0.0382,0.039,0.7817,0.1706
3,7,-0.0003,0.0465,0.0115,-0.0443,-0.0134,0.0318,-0.0197,0.0471,0.8429,0.0706,0.0296,0.06,0.2683,0.6048
3,8,-0.002,0.0643,-0.0196,0.0109,0.0255,-0.0194,-0.0064,-0.0781,0.7715,0.0385,0.0253,0.1678,0.4018,0.3457
3,9,-0.0009,0.0284,-0.017,0.0202,-0.0131,-0.0484,0.0056,-0.0122,0.8578,0.0311,0.0413,0.073,0.8182,0.1445
3,10,-0.0068,0.0355,0.0228,-0.0111,0.0253,0.0271,0.0122,0.0267,0.865,0.0334,0.0326,0.0721,0.7015,0.2072
3,11,0.001,0.0467,-0.0141,0.0402,0.0158,-0.0653,-0.0256,0.0188,0.7869,0.0265,0.0277,0.162,0.6604,0.248
3,12,0.0003,0.0374,0.0305,0.0705,0.0231,0.0274,0.0522,0.0192,0.7844,0.023,0.0268,0.1689,0.3813,0.3725
3,13,0.0047,0.0202,-0.0039,0.0089,0.0167,-0.0107,-0.013,-0.0086,0.8068,0.0445,0.1285,0.0233,0.8755,0.0857
3,14,-0.0025,0.0308,-0.0043,-0.0278,0.0278,0.004,-0.046,-0.003,0.8715,0.0534,0.0302,0.048,0.7801,0.2022
3,15,-0.0094,0.1069,0.0326,-0.185,-0.0729,0.1075,0.0807,0.0151,0.8547,0.0346,0.0216,0.0922,0.2624,0.6922
4,0,-0.0007,0.0166,-0.0015,0.006,-0.0011,-0.0093,0.0064,-0.002,0.6141,0.0118,0.3596,0.0176,0.7661,0.0077
4,1,-0.0049,0.0148,-0.0018,0.0057,-0.0004,-0.0206,0.0064,0.0072,0.5318,0.0031,0.4602,0.0079,0.6905,0.0014
4,2,-0.0122,0.0619,0.0503,-0.0835,-0.0272,0.0471,0.0942,0.0873,0.6052,0.0341,0.3358,0.0279,0.566,0.0831
4,3,0.0073,0.0322,0.0115,-0.0349,-0.0108,0.058,0.0049,-0.0059,0.6109,0.0268,0.3494,0.016,0.6277,0.0494
4,4,0.0075,0.0246,0.0035,0.0253,0.0072,-0.0161,0.0077,0.015,0.5259,0.0148,0.3397,0.1226,0.4945,0.0629
4,5,0.0078,0.0252,0.0114,-0.021,-0.0053,0.0342,0.0101,0.0067,0.5182,0.0103,0.4519,0.0227,0.6354,0.0567
4,6,-0.0162,0.0872,-0.0401,-0.0475,-0.0321,0.0089,-0.0718,-0.0653,0.8407,0.0361,0.053,0.0732,0.6146,0.3386
4,7,-0.0048,0.0206,0.0018,0.0068,0.0075,0.021,-0.0211,-0.0003,0.4953,0.0053,0.4692,0.0332,0.5487,0.0007
4,8,0.0012,0.0095,0.0027,-0.0038,0.002,0.0103,-0.0038,0.0024,0.594,0.0041,0.3961,0.0089,0.7651,0.0019
4,9,0.0041,0.0406,-0.0153,-0.0215,-0.0192,-0.043,0.0346,-0.0335,0.5655,0.028,0.3984,0.0111,0.5959,0.1513
4,10,-0.0014,0.0473,0.0056,-0.0339,-0.0028,0.0198,-0.0011,0.0066,0.6861,0.0125,0.2824,0.022,0.6824,0.0291
4,11,-0.1392,0.3449,-0.103,0.4835,-0.1191,-0.2103,0.0548,-0.1374,0.8975,0.022,0.0423,0.0412,0.5082,0.3079
4,12,0.0028,0.0244,-0.0002,0.0214,0.0088,-0.0277,0.0164,0.0017,0.5599,0.0228,0.3991,0.0213,0.6237,0.0496
4,13,0.0016,0.0284,0.005,0.0114,-0.0003,-0.0072,-0.0155,0.0431,0.5961,0.0189,0.3624,0.0258,0.6382,0.0178
4,14,-0.0077,0.0479,0.0168,-0.0449,0.0305,0.0801,-0.0785,0.0351,0.6467,0.0163,0.3121,0.028,0.6198,0.0672
4,15,-0.0227,0.1268,-0.0153,-0.0264,0.0058,-0.0455,-0.1369,0.1155,0.8352,0.046,0.0096,0.1124,0.0949,0.7811
5,0,-0.0042,0.0583,-0.0099,-0.0354,-0.0014,0.0434,-0.0212,-0.0604,0.6468,0.0219,0.2897,0.0447,0.2144,0.6524
5,1,0.0018,0.0174,-0.0015,-0.0182,0.0093,-0.0066,0.0102,-0.0189,0.5445,0.0043,0.4355,0.0189,0.6892,0.0112
5,2,-0.0035,0.0406,0.023,-0.0341,-0.0375,0.096,0.0193,0.0144,0.6317,0.0515,0.2926,0.0272,0.7031,0.1567
5,3,-0.035,0.1112,-0.137,0.038,-0.039,-0.5076,0.019,-0.0204,0.6133,0.0194,0.2846,0.0858,0.4705,0.05
5,4,-0.0025,0.0117,0.0024,0.0068,0.0055,-0.0007,-0.0013,0.0059,0.4653,0.0005,0.5297,0.0075,0.5826,0.0002
5,5,0.0119,0.0607,0.0074,-0.0362,-0.0418,-0.0191,0.0949,-0.0042,0.4005,0.0209,0.5668,0.015,0.4721,0.0417
5,6,0.0042,0.0694,-0.0092,0.0552,0.039,-0.0506,0.0433,-0.0686,0.6165,0.0316,0.2926,0.0623,0.2909,0.2482
5,7,-0.0006,0.0127,0.0107,0.0004,0.0177,0.0007,0.0102,0.0141,0.5311,0.0108,0.4363,0.0249,0.532,0.1238
5,8,-0.0194,0.0687,-0.0147,0.0256,-0.0254,-0.0117,-0.0346,0.013,0.3292,0.0084,0.6523,0.0132,0.4249,0.0228
5,9,0.0002,0.0469,0.0093,-0.0415,0.1341,-0.036,-0.0304,-0.0307,0.6125,0.0089,0.3382,0.0435,0.6924,0.0211
5,10,0.0079,0.0313,0.0045,0.0067,-0.0128,0.0218,0.0042,0.0047,0.5604,0.0109,0.4041,0.0276,0.6549,0.034
5,11,0.0008,0.0294,-0.0035,0.0271,0.0118,0.0289,-0.0571,0.0024,0.3068,0.0059,0.5831,0.1072,0.2988,0.0059
5,12,0.0161,0.0453,0.0199,0.0757,0.0363,0.0316,-0.0063,0.0182,0.4649,0.0142,0.3243,0.1997,0.3139,0.1541
5,13,-0.0027,0.0414,-0.0238,0.0495,-0.0446,0.0425,-0.0935,0.0004,0.6066,0.044,0.3303,0.0221,0.4381,0.3248
5,14,-0.0023,0.0417,0.0201,-0.0319,-0.0498,0.1564,-0.045,0.019,0.5472,0.0598,0.3795,0.0166,0.3415,0.3455
5,15,-0.0057,0.0384,0.0024,-0.0341,-0.0036,0.0447,-0.0346,0.0031,0.8461,0.0529,0.0395,0.0646,0.563,0.3902
6,0,0.0069,0.0276,0.0057,-0.0343,0.0182,0.0045,-0.0064,0.0064,0.5392,0.0075,0.4323,0.0241,0.666,0.0569
6,1,0.0007,0.0188,-0.0103,-0.0077,0.0002,-0.0382,-0.0206,0.0176,0.5392,0.0097,0.4351,0.0191,0.5612,0.1665
6,2,-0.0144,0.0859,-0.0337,0.0466,-0.0464,-0.1646,0.0585,0.0177,0.6983,0.0329,0.2214,0.0505,0.3655,0.3413
6,3,0.0038,0.0253,0.0024,-0.0059,-0.0148,-0.0188,0.034,0.0093,0.5627,0.016,0.4006,0.0238,0.4883,0.2566
6,4,-0.0064,0.0462,-0.1414,0.0589,0.0112,-0.5434,-0.0248,-0.0085,0.5277,0.0183,0.4163,0.0408,0.5324,0.0813
6,5,-0.0019,0.0373,0.0312,-0.0162,0.0069,0.1167,-0.0205,0.0215,0.7781,0.0431,0.1407,0.0411,0.6984,0.2588
6,6,-0.0015,0.0156,-0.0003,-0.0005,0.0039,-0.0263,0.0181,0.0031,0.5454,0.0078,0.4231,0.0268,0.5549,0.062
6,7,-0.0158,0.0403,-0.0264,-0.0037,0.0269,0.0143,-0.01,-0.1367,0.5721,0.0109,0.392,0.028,0.6327,0.0521
6,8,-0.0017,0.0328,0.0008,0.0157,-0.0114,-0.0111,0.0223,0.0036,0.5721,0.0222,0.3879,0.0209,0.5769,0.1147
6,9,-0.0034,0.0271,-0.0185,-0.0257,-0.0088,-0.0548,-0.0087,-0.0019,0.5889,0.02,0.3712,0.023,0.5477,0.1365
6,10,-0.0024,0.0699,-0.0033,-0.0918,0.0034,0.0702,-0.0555,-0.0314,0.7545,0.0313,0.1729,0.0444,0.6459,0.3076
6,11,-0.0002,0.0744,0.0097,0.0344,0.0018,0.0296,-0.0102,0.0178,0.6062,0.0215,0.3018,0.0735,0.3575,0.1911
6,12,-0.0029,0.039,-0.0244,-0.0381,-0.0525,-0.0225,-0.0122,-0.0102,0.5922,0.0336,0.3281,0.0492,0.5318,0.2858
6,13,0.0003,0.0337,0.0001,0.0005,0.0131,-0.008,-0.0096,0.005,0.6126,0.025,0.3384,0.0272,0.5245,0.223
6,14,0.006,0.0359,0.0142,-0.0387,0.0428,0.0138,-0.0038,0.0039,0.5984,0.0143,0.3701,0.0202,0.6602,0.0841
6,15,-0.0162,0.0733,0.0077,0.0159,0.0158,0.0321,-0.007,-0.0101,0.5997,0.0122,0.3645,0.0267,0.4347,0.2706
7,0,0.003,0.031,-0.0189,-0.0138,0.0275,-0.1051,0.0026,-0.0005,0.5351,0.0171,0.4291,0.0218,0.566,0.0916
7,1,-0.0023,0.0258,0.0154,-0.0194,-0.0012,0.0497,0.0317,-0.0186,0.5194,0.0222,0.3424,0.1191,0.4535,0.2554
7,2,0.006,0.039,-0.0167,0.0361,-0.0168,-0.0577,0.0018,0.006,0.5749,0.0154,0.3645,0.0483,0.6238,0.0518
7,3,0.0017,0.0183,-0.0068,0.0367,-0.0111,0.0013,-0.0087,-0.009,0.4546,0.0055,0.5325,0.0105,0.5823,0.0042
7,4,0.0019,0.0258,0.002,0.0596,-0.0033,-0.0092,0.0166,0.0039,0.5625,0.0099,0.4123,0.0184,0.7584,0.059
7,5,-0.0214,0.0687,-0.0344,-0.0066,-0.0261,-0.0713,-0.0381,-0.002,0.6707,0.0356,0.2606,0.0361,0.2454,0.5399
7,6,-0.0097,0.0368,-0.0111,-0.0474,0.0038,-0.0686,0.0104,0.0102,0.4943,0.021,0.4769,0.0109,0.4781,0.1933
7,7,-0.0018,0.0176,0.0046,-0.0228,0.0172,0.0133,-0.0049,-0.0073,0.5481,0.0076,0.4308,0.0166,0.6217,0.0717
7,8,0.0219,0.072,-0.0001,-0.0147,-0.0465,0.0394,-0.003,0.0098,0.5242,0.0264,0.2907,0.1617,0.4169,0.2687
7,9,0.0034,0.0147,0.0009,0.0342,0.0002,-0.0042,-0.0083,0.0159,0.5336,0.0187,0.4368,0.014,0.6259,0.1856
7,10,-0.0047,0.0259,-0.0118,0.0292,-0.0081,0.0044,-0.0249,-0.0186,0.494,0.008,0.4876,0.0135,0.4952,0.139
7,11,-0.0052,0.0426,-0.0089,0.0574,-0.0085,-0.0106,-0.0107,-0.0056,0.5805,0.0195,0.3779,0.0252,0.693,0.2042
7,12,-0.009,0.0472,-0.0009,0.0304,-0.0261,0.0212,0.0214,-0.02,0.5927,0.0289,0.3653,0.0161,0.7181,0.1446
7,13,0.0146,0.0654,0.0654,-0.0394,0.0117,0.1352,0.0664,0.0482,0.6005,0.0514,0.3434,0.0078,0.6143,0.2516
7,14,-0.0351,0.0849,0.0123,0.01,0.0191,0.0115,0.0363,-0.0177,0.6445,0.0062,0.3238,0.0286,0.8042,0.0362
7,15,0.0116,0.0566,0.0077,0.0796,-0.014,0.0455,-0.019,0.0184,0.5089,0.0336,0.4175,0.0431,0.4632,0.1937
8,0,-0.0168,0.0407,-0.0104,-0.0791,-0.0051,-0.002,-0.0357,0.0012,0.4941,0.0158,0.2646,0.2285,0.3418,0.1554
8,1,-0.0071,0.0327,0.013,-0.0266,0.0144,0.0332,-0.0281,0.0323,0.5745,0.0355,0.2465,0.1466,0.4719,0.2886
8,2,-0.0059,0.0392,-0.0245,0.0283,-0.0431,-0.0001,-0.0564,0.0015,0.5791,0.0282,0.3704,0.0254,0.4525,0.2109
8,3,-0.0052,0.0289,-0.0102,-0.0112,0.0035,-0.0283,0.0025,-0.0184,0.6188,0.0519,0.3017,0.0306,0.5177,0.3216
8,4,-0.0192,0.1078,0.0095,0.1005,-0.0497,-0.0206,0.1076,0.0006,0.7119,0.0373,0.1805,0.0734,0.2104,0.553
8,5,-0.0069,0.054,-0.0329,-0.0607,-0.0752,-0.0048,-0.017,-0.0347,0.5202,0.0172,0.3379,0.1277,0.4948,0.1107
8,6,0.0035,0.0178,-0.0042,0.0091,-0.0012,-0.0196,0.0023,0.0014,0.5616,0.009,0.4196,0.0129,0.6525,0.0248
8,7,-0.0044,0.0994,-0.0374,0.0861,0.023,0.0013,0.0502,-0.2241,0.6685,0.0578,0.2154,0.0614,0.1633,0.0566
8,8,0.0036,0.03,0.0107,0.0903,0.0205,-0.0374,0.0028,0.0567,0.5359,0.0188,0.4188,0.0295,0.5809,0.1625
8,9,0.0084,0.0532,0.0235,0.0478,0.0463,0.1176,-0.0492,-0.0209,0.8271,0.0574,0.079,0.0396,0.6375,0.3359
8,10,-0.0019,0.03,0.0005,-0.0023,0.0022,0.0132,-0.0207,0.0075,0.5844,0.024,0.3804,0.0142,0.6299,0.1406
8,11,-0.0001,0.0672,-0.0395,-0.0004,-0.1544,0.0409,-0.0188,-0.0259,0.7063,0.0131,0.2503,0.0334,0.6949,0.167
8,12,-0.0522,0.0857,-0.0135,-0.0008,-0.032,-0.0183,0.0157,-0.0194,0.6376,0.0167,0.3204,0.0284,0.5191,0.2841
8,13,-0.0057,0.0264,0.0109,-0.0038,-0.0094,0.0333,0.0315,-0.0118,0.5588,0.0118,0.4097,0.0228,0.6447,0.1593
8,14,0.009,0.0492,0.0076,0.0108,0.0455,-0.046,0.0249,0.006,0.6614,0.0345,0.2693,0.0379,0.4286,0.3442
8,15,-0.0222,0.1194,0.022,-0.0431,-0.0613,0.1186,-0.0274,0.0582,0.66,0.014,0.2899,0.0392,0.7071,0.1782
9,0,0.0065,0.0421,0.0284,-0.0748,-0.0456,0.0403,0.0323,0.0869,0.5329,0.0316,0.3806,0.058,0.4449,0.2649
9,1,0.0012,0.0398,-0.0206,0.0468,0.0226,-0.0111,-0.0372,-0.0569,0.4855,0.0104,0.4805,0.0267,0.5633,0.0034
9,2,0.0062,0.0442,-0.0262,-0.0087,0.0038,-0.0808,0.0072,-0.0348,0.528,0.0255,0.4251,0.0244,0.5165,0.2367
9,3,-0.014,0.051,-0.0111,0.1254,0.0447,0.0193,-0.019,-0.0894,0.7006,0.0411,0.2268,0.0347,0.7155,0.2194
9,4,0.0028,0.035,-0.0003,-0.0492,-0.0297,0.0095,0.0089,0.0099,0.5724,0.027,0.3796,0.0241,0.5417,0.1145
9,5,0.0025,0.0349,-0.0274,0.0381,0.0134,-0.0278,-0.038,-0.0574,0.5978,0.0152,0.352,0.0382,0.617,0.0827
9,6,0.0013,0.0427,0.007,0.0905,0.0109,0.0233,-0.0006,-0.0055,0.6251,0.0475,0.3097,0.0208,0.6,0.298
9,7,-0.0109,0.0945,0.0321,0.06,-0.0138,-0.0266,0.0793,0.0893,0.713,0.0092,0.2194,0.0615,0.736,0.0777
9,8,0.0028,0.0259,-0.0089,0.1181,0.0406,-0.0447,-0.0006,-0.0309,0.5419,0.0183,0.424,0.0189,0.5455,0.1125
9,9,0.0147,0.0643,0.0085,-0.0031,-0.0538,0.0007,0.0133,0.0739,0.5414,0.0272,0.4263,0.0081,0.5512,0.1175
9,10,-0.0051,0.0202,0.0074,0.0382,0.0207,-0.0081,0.0168,0.0,0.5054,0.0126,0.4715,0.0136,0.6175,0.0478
9,11,-0.0078,0.0573,-0.0002,0.0792,-0.0204,-0.0816,0.091,0.0103,0.6424,0.0341,0.2922,0.0343,0.7233,0.0818
9,12,-0.0066,0.013,0.0021,0.023,0.0115,-0.0104,0.0071,0.0003,0.5162,0.0106,0.4642,0.0121,0.6192,0.0288
9,13,0.0003,0.0427,-0.0148,0.05,0.0201,-0.0262,-0.0321,-0.021,0.6326,0.0199,0.3279,0.0227,0.6375,0.0484
9,14,0.0007,0.0374,0.0021,-0.0371,-0.023,0.0029,0.0387,-0.0101,0.5746,0.025,0.2813,0.1221,0.4049,0.3644
9,15,-0.0072,0.0488,0.0046,-0.0517,0.0428,0.0138,0.0183,-0.0566,0.5622,0.0413,0.3793,0.0203,0.3579,0.4016
10,0,-0.0032,0.0111,0.0012,0.0027,0.0056,-0.0005,-0.0007,0.0007,0.5177,0.0036,0.472,0.0098,0.6784,0.0019
10,1,-0.0097,0.0881,0.0494,0.0228,0.1364,-0.0288,0.0776,0.0126,0.6814,0.0104,0.2646,0.0467,0.7837,0.0667
10,2,0.0009,0.0739,-0.0143,-0.0371,-0.0426,0.0191,-0.0148,-0.0191,0.6373,0.0215,0.2845,0.0598,0.5011,0.1807
10,3,-0.0182,0.0316,0.0045,-0.0332,0.0091,0.0176,-0.0132,0.0045,0.6683,0.0333,0.2759,0.0256,0.7186,0.1018
10,4,0.0053,0.0185,-0.0004,0.005,0.0063,-0.0098,0.0,0.0017,0.4817,0.0099,0.457,0.0545,0.6371,0.0119
10,5,0.0122,0.0685,-0.0225,-0.0863,-0.0308,-0.0387,-0.0134,-0.0071,0.5834,0.0279,0.3376,0.0542,0.5455,0.1345
10,6,-0.0021,0.0194,0.0055,-0.0049,0.0086,0.0165,-0.0018,-0.0013,0.5564,0.0118,0.4156,0.0193,0.6402,0.0582
10,7,-0.0014,0.0247,0.0033,-0.0427,-0.019,-0.0043,0.0096,0.0272,0.5217,0.0112,0.4503,0.0198,0.5624,0.0787
10,8,-0.0091,0.0175,0.0008,-0.0123,0.0046,-0.0091,0.0044,0.0034,0.568,0.0018,0.4227,0.0106,0.6964,0.0081
10,9,-0.006,0.0123,0.001,-0.0005,0.0018,-0.0031,0.0,0.0051,0.522,0.0038,0.4682,0.009,0.6547,0.0078
10,10,-0.0272,0.08,-0.0149,0.0086,-0.0041,-0.022,0.0524,-0.0861,0.7352,0.0364,0.1947,0.0367,0.7033,0.1964
10,11,-0.0027,0.0107,-0.0012,-0.0091,0.0007,-0.0037,-0.0008,-0.001,0.5601,0.0034,0.4239,0.0156,0.7241,0.0044
10,12,0.0016,0.0305,-0.0377,-0.0076,-0.15,0.0651,0.0044,-0.0705,0.586,0.0085,0.3894,0.0191,0.7913,0.0938
10,13,-0.0169,0.0624,-0.0414,-0.0137,-0.006,-0.0312,-0.0252,-0.1033,0.63,0.041,0.3089,0.0232,0.4589,0.248
10,14,-0.0318,0.0838,-0.0597,0.005,0.0125,-0.1014,-0.0582,-0.0916,0.6844,0.0365,0.2154,0.0668,0.4297,0.2895
10,15,0.0188,0.043,0.0223,0.0617,0.0322,0.0267,-0.0008,0.0309,0.5369,0.0067,0.4455,0.0139,0.647,0.0383
11,0,-0.002,0.0141,0.0092,0.0106,0.0157,-0.0064,0.0193,0.0082,0.5485,0.0091,0.4254,0.0201,0.6795,0.0533
11,1,-0.0004,0.0294,-0.0022,-0.0451,-0.0103,-0.0139,0.0058,0.0096,0.5792,0.0405,0.3636,0.0198,0.5834,0.1496
11,2,0.0109,0.0443,-0.0035,0.0629,-0.0195,0.0073,0.0157,-0.0177,0.3167,0.0134,0.1802,0.4928,0.2451,0.0874
11,3,0.0077,0.0516,0.0402,0.1396,0.015,0.1348,-0.0029,0.0139,0.62,0.0449,0.3,0.0383,0.4796,0.2305
11,4,0.0075,0.041,0.0194,-0.0616,-0.0384,0.1562,-0.0472,0.007,0.5795,0.0127,0.3777,0.0332,0.5777,0.2257
11,5,-0.0008,0.0142,0.0066,-0.0043,0.0093,0.0007,0.0044,0.0119,0.5416,0.0154,0.4337,0.0124,0.6457,0.0595
11,6,0.0033,0.0156,-0.0055,-0.0155,-0.0166,0.0001,0.0023,-0.0079,0.5479,0.0107,0.4298,0.0147,0.6621,0.0208
11,7,-0.0056,0.0852,0.0756,-0.0263,-0.1675,-0.0116,0.2145,0.267,0.6197,0.0055,0.3442,0.0337,0.829,0.0689
11,8,-0.0006,0.0275,0.0169,-0.0391,0.008,0.0296,0.0109,0.0192,0.5194,0.016,0.4512,0.0166,0.6055,0.0199
11,9,0.0071,0.075,-0.0333,0.0694,-0.0101,-0.1381,-0.0407,0.0557,0.5429,0.0291,0.3396,0.0915,0.197,0.4354
11,10,-0.003,0.0095,0.002,-0.0083,0.0022,0.0055,0.0026,-0.002,0.5545,0.0096,0.4295,0.0095,0.6245,0.0396
11,11,0.0051,0.0807,-0.0612,-0.0356,-0.0497,-0.0751,-0.0322,-0.0879,0.6399,0.0327,0.249,0.0815,0.4671,0.0719
11,12,-0.0065,0.0093,0.0015,-0.0029,-0.0038,0.0052,0.0092,-0.0046,0.5281,0.0061,0.457,0.0119,0.6444,0.0318
11,13,-0.0177,0.0571,-0.0043,0.0203,-0.0073,0.0074,-0.0108,-0.0063,0.5614,0.0108,0.4177,0.0132,0.6732,0.022
11,14,-0.5653,0.6264,-0.3776,-0.2899,-0.347,-1.4857,0.2099,0.1124,0.8449,0.0161,0.073,0.0691,0.864,0.0692
11,15,0.0077,0.0794,-0.0067,0.141,0.0248,0.013,-0.0004,-0.0641,0.5459,0.0261,0.4006,0.0305,0.5767,0.096
12,0,0.0015,0.0111,0.002,0.0001,-0.0037,0.0043,0.0019,0.0054,0.5769,0.0034,0.4151,0.0077,0.7384,0.0046
12,1,0.0116,0.0353,-0.0041,0.1184,0.005,-0.0335,0.0016,0.0105,0.6062,0.0298,0.3247,0.0423,0.6577,0.0859
12,2,-0.0117,0.0399,0.0002,-0.0506,-0.0909,0.0371,0.0553,-0.0008,0.5771,0.0192,0.3678,0.039,0.5612,0.1106
12,3,0.0016,0.0607,0.0286,0.073,0.0899,-0.0627,0.0532,0.0341,0.2622,0.0114,0.1916,0.5379,0.2282,0.0477
12,4,0.0223,0.0425,-0.015,0.0591,0.0004,-0.0363,0.0018,-0.0259,0.6263,0.0043,0.3617,0.0109,0.7718,0.0176
12,5,0.0068,0.0555,-0.0009,0.0006,-0.02,0.054,-0.0094,-0.028,0.5522,0.0294,0.2496,0.1718,0.4555,0.1734
12,6,-0.0058,0.0177,-0.0004,-0.006,-0.0105,-0.0015,0.0024,0.0079,0.5566,0.0115,0.4198,0.0152,0.6585,0.0227
12,7,0.0034,0.0303,-0.0184,-0.0121,-0.0256,-0.0002,-0.0201,-0.0275,0.5918,0.02,0.3494,0.042,0.6682,0.0636
12,8,-0.0142,0.116,-0.0729,-0.075,-0.0315,-0.1909,0.021,-0.0902,0.7363,0.0324,0.143,0.0914,0.6567,0.2093
12,9,-0.0126,0.0695,-0.0125,0.0863,0.0425,-0.083,-0.0346,0.025,0.6655,0.0556,0.215,0.0669,0.4293,0.1838
12,10,-0.0104,0.0239,-0.0099,0.0297,0.0036,-0.0438,0.0008,-0.0002,0.5516,0.0161,0.4186,0.0168,0.6303,0.0655
12,11,-0.0006,0.0073,0.0001,0.0036,-0.0039,0.0019,0.0008,0.0014,0.5529,0.0065,0.4311,0.0126,0.6929,0.0109
12,12,-0.0256,0.0774,0.0212,-0.024,-0.031,0.0617,0.0915,-0.0375,0.6142,0.0197,0.3282,0.041,0.5408,0.2825
12,13,0.009,0.0209,0.0292,0.0013,-0.0117,0.1233,0.0094,-0.0043,0.5855,0.0034,0.3971,0.0171,0.746,0.0054
12,14,-0.015,0.0205,-0.0035,-0.0096,-0.013,0.0137,-0.0053,-0.0095,0.5705,0.0153,0.4044,0.0129,0.6427,0.0805
12,15,-0.0007,0.0121,-0.001,0.0028,0.0005,-0.0014,-0.0031,0.0001,0.5442,0.0086,0.4382,0.0121,0.6655,0.0109
13,0,-0.0012,0.016,0.0024,-0.0168,-0.0074,0.0007,0.0005,0.0157,0.5773,0.0187,0.3844,0.0227,0.592,0.0472
13,1,-0.0013,0.0137,-0.0043,0.1087,0.004,-0.0246,-0.0028,0.0064,0.5379,0.0264,0.4239,0.0149,0.5686,0.0862
13,2,-0.0029,0.0176,0.0074,-0.0181,0.0076,0.0043,0.0074,0.0103,0.5408,0.0123,0.4355,0.0145,0.6352,0.0324
13,3,0.0044,0.0404,-0.0141,0.0426,-0.0652,0.0013,0.0011,0.0064,0.3446,0.0117,0.1458,0.5011,0.2151,0.0797
13,4,0.0363,0.1,0.045,0.0026,-0.0283,0.1077,0.0721,0.0285,0.4929,0.0,0.5035,0.0067,0.5678,0.0
13,5,0.0066,0.0436,0.0397,0.0081,0.0942,-0.0171,0.0219,0.0598,0.5995,0.0245,0.3495,0.0295,0.7183,0.0534
13,6,-0.0007,0.0218,0.0068,0.0032,0.0163,0.0189,-0.005,-0.003,0.5564,0.0302,0.4047,0.0118,0.6377,0.041
13,7,0.0357,0.0529,0.0004,-0.017,-0.0206,0.0471,-0.0035,-0.0213,0.5699,0.0369,0.3838,0.0125,0.6515,0.1046
13,8,-0.0478,0.092,0.0126,-0.116,0.1101,-0.0299,0.0222,-0.052,0.7112,0.0212,0.2228,0.0479,0.7217,0.0862
13,9,-0.0036,0.0587,0.0123,-0.1072,0.001,0.0005,0.053,-0.0054,0.2125,0.0074,0.1801,0.6031,0.1684,0.0169
13,10,0.0069,0.0135,0.0032,0.0044,-0.0049,0.0101,0.0057,0.0019,0.6595,0.0005,0.3356,0.0074,0.8807,0.0027
13,11,-0.2875,0.3489,-0.1502,-0.1127,-0.1231,-0.8158,0.2235,0.1145,0.7519,0.0238,0.175,0.0524,0.8766,0.0402
13,12,-0.0055,0.0306,-0.0061,0.0221,-0.001,0.0149,-0.0162,-0.0222,0.4582,0.0101,0.4123,0.1225,0.5141,0.112
13,13,-0.0035,0.0243,-0.0231,-0.0784,-0.0126,-0.0461,-0.0163,-0.0176,0.5508,0.0254,0.4064,0.0205,0.6057,0.0645
13,14,-0.0313,0.0597,0.0353,-0.0204,0.0368,0.0032,0.0532,0.0481,0.5666,0.0267,0.3667,0.043,0.6264,0.1092
13,15,0.0012,0.0082,-0.0004,0.0004,0.0014,-0.0021,-0.0,-0.0009,0.5679,0.0055,0.4159,0.0138,0.7233,0.0067
14,0,-0.0021,0.012,-0.0048,0.0039,-0.0033,-0.0063,-0.0047,-0.0051,0.5582,0.0126,0.4223,0.01,0.7048,0.0127
14,1,0.0062,0.0309,-0.0153,-0.0525,-0.0106,0.0021,0.0044,-0.0573,0.2818,0.0038,0.1987,0.5187,0.2249,0.0442
14,2,-0.0174,0.0279,-0.027,0.0093,-0.0084,-0.0726,-0.0106,-0.0164,0.5794,0.0285,0.3665,0.0286,0.6193,0.0937
14,3,0.0411,0.1113,0.0096,0.002,-0.0673,0.0347,0.0632,0.0078,0.3695,0.0,0.6246,0.009,0.5115,0.0
14,4,0.001,0.0361,0.056,0.1068,0.04,0.0739,0.075,0.0351,0.535,0.0622,0.3568,0.0491,0.4438,0.1656
14,5,0.0121,0.0517,-0.0045,0.042,-0.001,-0.0506,0.017,0.0164,0.6097,0.0309,0.3376,0.0249,0.6403,0.051
14,6,0.0046,0.0098,-0.0041,0.0034,0.0015,-0.0201,-0.0004,0.0026,0.5727,0.0147,0.4061,0.0095,0.7561,0.0192
14,7,0.0024,0.0239,-0.0149,0.0562,-0.01,-0.0558,-0.0087,0.0148,0.5212,0.0487,0.4132,0.0199,0.4866,0.1828
14,8,-0.0103,0.0518,-0.0469,-0.0002,0.0051,-0.1412,-0.0427,-0.009,0.5718,0.0072,0.3652,0.0589,0.8035,0.0379
14,9,-0.0298,0.0551,-0.0088,-0.0183,0.0066,-0.008,0.0031,-0.0368,0.6263,0.0222,0.319,0.0356,0.604,0.1051
14,10,0.0128,0.03,-0.0099,-0.0024,-0.0122,-0.0309,0.0021,0.0014,0.5461,0.004,0.4248,0.0282,0.7513,0.0066
14,11,-0.0035,0.01,0.0004,-0.0091,0.0017,-0.0,-0.0026,0.0026,0.5626,0.0113,0.4177,0.0115,0.7091,0.0123
14,12,-0.0155,0.0208,-0.0075,-0.0108,-0.0144,-0.0066,-0.0018,-0.0072,0.6388,0.0128,0.3297,0.0218,0.756,0.0187
14,13,0.0061,0.0199,0.0665,0.0027,0.0595,0.2514,-0.0357,-0.0091,0.5405,0.0075,0.439,0.016,0.7638,0.0812
14,14,0.0044,0.0268,-0.0097,-0.0203,-0.0085,0.0307,-0.0246,-0.0366,0.4675,0.0223,0.2823,0.2309,0.4502,0.1003
14,15,-0.0001,0.0164,0.0119,0.0183,0.0086,0.0131,0.0128,0.0131,0.565,0.0136,0.3987,0.0258,0.6978,0.0287
15,0,-0.0061,0.024,0.0199,-0.0343,-0.0442,0.0672,0.0078,0.0489,0.6065,0.0415,0.3334,0.0217,0.7519,0.1912
15,1,-0.0043,0.0123,-0.0139,0.0035,-0.0001,-0.0014,-0.0135,-0.0406,0.5863,0.01,0.3952,0.0116,0.7213,0.0319
15,2,-0.001,0.0089,0.0046,-0.0186,0.0145,-0.0053,0.0033,0.006,0.5496,0.0148,0.4244,0.0142,0.5553,0.1966
15,3,-0.0056,0.0095,-0.0066,-0.0089,-0.0082,-0.0171,-0.0012,0.0002,0.5427,0.0039,0.4445,0.012,0.6646,0.0089
15,4,0.0025,0.016,0.006,-0.0184,-0.0091,0.0406,-0.0104,0.003,0.6024,0.0069,0.3736,0.0202,0.691,0.0691
15,5,0.0144,0.1403,0.0177,0.0281,0.0253,-0.0298,0.0513,0.024,0.6452,0.0242,0.246,0.0877,0.5967,0.0962
15,6,0.0009,0.0458,-0.033,0.2612,-0.0056,-0.1452,-0.0162,0.035,0.584,0.047,0.3152,0.0568,0.6295,0.219
15,7,-0.0178,0.0503,0.0,0.0308,-0.0333,0.0336,0.0101,-0.0103,0.6137,0.0226,0.3345,0.0323,0.7,0.0872
15,8,0.0049,0.01,-0.0017,0.0175,-0.0033,0.0016,-0.0028,-0.0023,0.5624,0.0028,0.4244,0.0134,0.7103,0.0117
15,9,0.001,0.0055,-0.0,0.0029,0.0014,0.0014,-0.0025,-0.0004,0.538,0.0125,0.444,0.0086,0.6778,0.0089
15,10,-0.0119,0.0389,0.0213,-0.0208,-0.0072,-0.0167,0.0486,0.0607,0.3295,0.0053,0.2506,0.4178,0.1393,0.0086
15,11,-0.0018,0.0109,-0.0069,0.0118,0.0019,-0.0189,-0.0096,-0.0011,0.5707,0.0144,0.4091,0.0089,0.7073,0.0091
15,12,-0.0139,0.0433,-0.0206,0.0174,-0.0804,0.0208,0.0003,-0.0229,0.4652,0.0189,0.3251,0.194,0.4735,0.088
15,13,-0.0001,0.0123,0.0007,0.0286,0.0026,-0.0005,-0.0019,0.0025,0.5806,0.0099,0.3972,0.0153,0.657,0.0155
15,14,0.0015,0.0073,-0.0017,-0.0008,0.0009,-0.0071,-0.0005,-0.0,0.5476,0.0056,0.4361,0.0137,0.6897,0.0114
15,15,0.0022,0.0068,0.0052,0.0112,0.0024,0.0181,0.0026,-0.0024,0.5523,0.0214,0.4185,0.0108,0.6659,0.0224
16,0,-0.0019,0.0089,0.0031,-0.0154,0.003,0.007,-0.001,0.0034,0.5583,0.011,0.4162,0.0176,0.6797,0.0136
16,1,-0.0,0.0088,-0.0044,-0.0361,-0.0004,-0.0145,-0.0036,0.001,0.5448,0.0118,0.4345,0.0119,0.668,0.0042
16,2,0.0002,0.0076,0.0021,-0.0064,0.0014,0.0039,0.0014,0.0018,0.5581,0.0261,0.4077,0.0112,0.6694,0.0186
16,3,-0.0043,0.0084,-0.0018,0.0049,-0.0,-0.009,0.0004,0.0014,0.5429,0.0124,0.436,0.0118,0.7174,0.006
16,4,-0.0,0.0071,-0.0074,-0.0036,-0.0209,0.0003,0.0018,-0.0108,0.5846,0.0122,0.3892,0.017,0.7447,0.013
16,5,-0.002,0.0099,0.0051,0.0004,0.0057,0.0021,0.0114,0.0011,0.5643,0.0078,0.4183,0.0128,0.6685,0.0082
16,6,-0.0358,0.0727,-0.0147,0.0055,0.028,-0.1574,0.0187,0.0521,0.5804,0.0211,0.3278,0.0738,0.6461,0.055
16,7,0.0045,0.0154,0.0126,0.0913,0.0029,0.0287,0.0119,0.0069,0.5263,0.0189,0.4091,0.0487,0.5869,0.1155
16,8,0.0222,0.1161,0.0341,0.2213,-0.0051,0.0432,0.0714,0.027,0.3191,0.0,0.6773,0.0066,0.4761,0.0
16,9,0.0025,0.0058,-0.0028,-0.0027,-0.0014,-0.0041,-0.0027,-0.0029,0.6419,0.0003,0.3513,0.0096,0.8266,0.0007
16,10,-0.0045,0.016,0.0143,-0.0165,-0.0023,0.0646,0.0003,-0.0053,0.6043,0.0042,0.3798,0.0147,0.6699,0.0905
16,11,0.03,0.0347,0.0379,0.0459,-0.0173,0.1607,0.0071,0.001,0.5204,0.0135,0.3679,0.1013,0.52,0.2262
16,12,0.001,0.0271,-0.0075,0.03,-0.009,-0.0068,0.0,-0.0143,0.4594,0.003,0.3667,0.174,0.5814,0.008
16,13,0.0008,0.0058,-0.0003,-0.0041,0.0014,0.0003,-0.0029,-0.0001,0.5352,0.0058,0.4459,0.0161,0.6452,0.0077
16,14,0.0039,0.0088,0.0033,0.0072,0.0002,0.0143,0.0009,-0.0023,0.5652,0.0021,0.4126,0.0232,0.7334,0.0074
16,15,-0.0017,0.01,0.0018,-0.0255,0.0037,-0.0064,0.0011,0.0089,0.5717,0.0217,0.395,0.0147,0.6956,0.0303
17,0,-0.0035,0.0207,-0.0007,-0.0775,-0.0026,-0.0436,0.0217,0.0218,0.5088,0.0699,0.4068,0.0176,0.5231,0.0932
17,1,-0.001,0.0288,-0.0005,-0.0265,-0.0015,0.0109,-0.0036,-0.0076,0.6318,0.0045,0.3363,0.0305,0.7359,0.0084
17,2,-0.093,0.1565,0.0395,-0.068,-0.0759,0.0926,0.0571,0.0842,0.7517,0.0,0.2452,0.0062,0.9884,0.0
17,3,0.0038,0.0061,-0.0009,0.003,-0.0026,0.0008,0.0002,-0.002,0.623,0.0005,0.365,0.0146,0.8851,0.0004
17,4,0.006,0.0127,0.0087,0.0253,0.0007,0.014,0.0198,0.0004,0.5481,0.0025,0.4214,0.0311,0.7016,0.0093
17,5,0.002,0.0044,-0.0003,0.0013,0.0004,-0.0024,0.0003,0.0004,0.6117,0.0004,0.3842,0.0067,0.7908,0.0005
17,6,-0.1103,0.1195,-0.1748,-0.2322,-0.0114,-0.6135,-0.0261,-0.048,0.5577,0.0443,0.3699,0.0312,0.7619,0.0443
17,7,-0.0018,0.0063,-0.0009,-0.0087,-0.0032,-0.0032,0.0011,0.0015,0.5348,0.0219,0.4365,0.0099,0.6731,0.0143
17,8,-0.0087,0.0132,0.0006,-0.0186,0.0007,0.0177,-0.006,-0.0102,0.574,0.0101,0.4076,0.0115,0.6349,0.061
17,9,-0.0016,0.0057,-0.0021,-0.125,0.0009,-0.002,-0.0055,-0.0019,0.6345,0.0005,0.3557,0.0123,0.8363,0.0012
17,10,0.0042,0.0121,0.0007,0.0081,-0.0045,-0.0124,0.0038,0.016,0.522,0.046,0.4263,0.0087,0.6433,0.0706
17,11,-0.031,0.0733,-0.0027,-0.0034,-0.0065,-0.03,-0.0189,0.0446,0.3037,0.0034,0.3135,0.3825,0.2906,0.0057
17,12,-0.0006,0.0067,-0.0013,-0.0063,-0.0016,0.0029,-0.0035,-0.0031,0.5876,0.0037,0.39,0.0218,0.7414,0.003
17,13,0.0033,0.0068,-0.0014,0.0164,0.0027,-0.0076,-0.0006,-0.0002,0.5425,0.0227,0.4262,0.0117,0.6771,0.0137
17,14,0.0054,0.0084,0.0004,0.0108,-0.0002,0.0028,0.003,-0.0038,0.593,0.0027,0.3935,0.0138,0.7387,0.0055
17,15,-0.0034,0.0107,-0.0027,-0.034,0.0004,-0.0088,-0.0012,-0.0009,0.5164,0.0354,0.4196,0.0316,0.6083,0.0333
18,0,-0.0034,0.0102,0.0005,-0.0228,-0.0016,0.0065,-0.002,-0.0009,0.5627,0.0072,0.4208,0.0124,0.6807,0.0125
18,1,0.0139,0.0286,-0.0056,-0.2584,0.0002,0.0072,-0.0069,-0.0229,0.4693,0.0141,0.4474,0.0723,0.5608,0.0488
18,2,0.0003,0.0425,0.017,0.0226,-0.0444,0.1793,-0.0367,-0.0304,0.6151,0.0122,0.3187,0.0571,0.8019,0.0177
18,3,-0.0,0.0126,0.0013,0.0034,0.0004,0.0087,0.0003,-0.0042,0.5551,0.0016,0.4145,0.0319,0.7615,0.0014
18,4,0.0057,0.0381,0.0072,0.0075,0.0108,-0.0334,0.0555,-0.0041,0.5921,0.0119,0.3232,0.076,0.6572,0.026
18,5,0.0094,0.0106,0.003,0.0057,0.0026,0.0093,0.0003,-0.0002,0.6048,0.0024,0.3734,0.0226,0.7596,0.0055
18,6,-0.0001,0.0062,-0.0005,-0.0022,-0.0003,0.0001,-0.0018,0.0002,0.549,0.0092,0.4241,0.0207,0.6679,0.008
18,7,-0.0001,0.0053,0.0007,-0.0009,0.0004,0.0016,0.0004,0.0005,0.6145,0.0001,0.3818,0.0067,0.8196,0.0006
18,8,0.007,0.0238,0.0397,0.1228,0.0154,0.0665,0.01,0.067,0.5675,0.0584,0.3438,0.0334,0.5707,0.168
18,9,0.003,0.0065,0.0011,0.0101,0.0009,0.0,0.002,0.0014,0.5566,0.0196,0.4056,0.0213,0.6734,0.0261
18,10,-0.0011,0.0187,-0.0011,0.0219,0.004,-0.0131,0.0014,0.0034,0.5088,0.0041,0.3796,0.1107,0.6315,0.0113
18,11,0.0016,0.0109,0.0018,-0.0065,0.0071,0.0074,-0.0072,-0.0001,0.5595,0.042,0.3897,0.0119,0.6283,0.0901
18,12,-0.0086,0.0109,0.0075,-0.0161,0.0002,0.0044,0.007,0.0184,0.5408,0.0169,0.4284,0.017,0.4852,0.2058
18,13,-0.0047,0.0247,0.0029,0.0142,0.0025,0.0029,0.0038,0.0025,0.4953,0.0197,0.4163,0.0718,0.6183,0.0266
18,14,-0.0028,0.008,-0.0012,-0.039,-0.0004,0.0032,-0.0055,-0.0022,0.595,0.0061,0.3819,0.0201,0.8056,0.0006
18,15,0.0013,0.0076,-0.004,0.0035,-0.0031,-0.0049,-0.0056,-0.0026,0.5518,0.0094,0.4262,0.0157,0.706,0.0099
19,0,-0.0059,0.0146,-0.0014,-0.0153,-0.0045,0.0041,-0.004,-0.0012,0.5102,0.0125,0.4284,0.0519,0.6147,0.0564
19,1,0.0068,0.0523,-0.0255,0.0065,-0.0349,-0.0055,-0.0521,-0.0097,0.589,0.0129,0.3284,0.0728,0.6191,0.1653
19,2,-0.0888,0.1006,-0.0204,-0.078,-0.0416,-0.0242,-0.0304,0.0144,0.6789,0.0375,0.2003,0.0864,0.6486,0.0517
19,3,0.0004,0.0077,0.0013,0.0042,0.0045,0.0051,-0.0029,-0.0013,0.5604,0.0229,0.4119,0.0078,0.6718,0.0263
19,4,0.0001,0.0141,-0.0058,0.468,-0.0014,-0.0107,-0.0095,-0.0014,0.5745,0.003,0.3854,0.0401,0.7216,0.0093
19,5,0.0019,0.0087,-0.0007,-0.0045,-0.0022,0.0038,-0.0023,-0.002,0.5249,0.0353,0.4282,0.0148,0.6215,0.0374
19,6,0.0019,0.0055,0.0012,0.0009,0.0021,0.0034,0.0017,-0.0023,0.5563,0.0112,0.4276,0.008,0.6869,0.0112
19,7,0.0007,0.0106,0.0037,-0.2205,0.0019,0.0004,0.0057,0.0067,0.5652,0.0108,0.3954,0.0318,0.7033,0.0123
19,8,0.004,0.0076,-0.0013,0.0079,-0.0009,0.0047,-0.0031,-0.0059,0.5597,0.0059,0.417,0.0204,0.6402,0.0547
19,9,-0.009,0.017,-0.0512,-0.0229,-0.0048,-0.1919,-0.0066,-0.0014,0.5719,0.0024,0.3994,0.0294,0.7947,0.0029
19,10,-0.0595,0.0686,-0.1156,-0.0416,-0.0153,-0.4201,-0.0153,-0.0116,0.5878,0.0045,0.3762,0.0345,0.777,0.0245
19,11,0.0024,0.0075,0.0033,0.0181,0.0014,0.0044,0.0046,0.0027,0.5403,0.0215,0.4333,0.008,0.6713,0.0064
19,12,-0.002,0.0098,-0.0,-0.0714,0.0003,-0.0076,0.0055,0.0018,0.5426,0.0049,0.4213,0.0342,0.6805,0.0101
19,13,0.0232,0.1128,0.0068,0.0104,0.0137,0.0698,-0.0442,-0.0123,0.2878,0.0021,0.341,0.3722,0.4304,0.0117
19,14,0.0194,0.0956,0.0153,-0.0443,-0.0537,0.139,0.038,-0.0622,0.6543,0.0208,0.2747,0.0532,0.7874,0.1469
19,15,-0.0079,0.0196,0.0008,-0.0834,-0.0071,0.0071,-0.0022,0.0056,0.4966,0.011,0.4253,0.0703,0.6154,0.042
20,0,-0.0021,0.0076,-0.0008,0.0291,-0.0001,-0.003,0.0076,-0.0076,0.5517,0.004,0.406,0.0414,0.6082,0.0198
20,1,-0.0076,0.016,0.0033,-0.0163,0.0023,-0.0006,0.0047,0.0071,0.619,0.0098,0.361,0.0133,0.7728,0.0049
20,2,0.0054,0.0084,0.0058,0.0057,0.0013,-0.0015,0.017,0.0066,0.6556,0.0076,0.3256,0.0142,0.6555,0.0586
20,3,-0.0051,0.0282,0.0536,-0.0506,0.0722,0.0602,0.0494,0.0326,0.5926,0.0097,0.3513,0.0495,0.8168,0.0548
20,4,0.0039,0.0061,0.0024,-0.0185,0.0017,0.0032,0.0025,0.0024,0.5667,0.003,0.4119,0.0214,0.7368,0.0037
20,5,0.0021,0.0065,0.0002,-0.0041,-0.0021,0.002,0.0008,-0.0,0.6127,0.0003,0.3642,0.0258,0.8539,0.0011
20,6,-0.0021,0.0071,-0.0007,-0.0103,0.0006,-0.0007,-0.0032,0.0004,0.5582,0.0155,0.4003,0.0291,0.6747,0.0058
20,7,0.0009,0.0039,-0.0003,0.1022,-0.0002,0.0005,-0.0001,-0.0014,0.6764,0.0012,0.3151,0.0104,0.914,0.0
20,8,0.005,0.0067,0.0029,0.091,0.0014,0.003,0.0021,0.0049,0.5578,0.0059,0.4238,0.0156,0.6735,0.0028
20,9,-0.0055,0.0092,0.0018,-0.123,-0.0018,0.0039,0.0015,0.0037,0.5394,0.0036,0.4282,0.0319,0.7173,0.004
20,10,-0.0023,0.0201,0.0072,-0.0222,0.0002,0.0203,0.0113,-0.003,0.4723,0.0067,0.3814,0.1427,0.5777,0.0117
20,11,-0.015,0.0195,-0.0196,-0.0544,-0.0083,-0.0423,-0.0128,-0.0151,0.5882,0.0109,0.3888,0.0151,0.7613,0.0161
20,12,-0.0005,0.0067,-0.0,0.0948,-0.001,0.0025,-0.0015,-0.0001,0.5137,0.0118,0.4499,0.0277,0.5936,0.0074
20,13,0.0055,0.0137,0.0142,0.0136,0.0052,-0.0022,0.0259,0.028,0.5568,0.0123,0.4101,0.0239,0.7645,0.025
20,14,-0.0036,0.0076,-0.0016,-0.0078,-0.0031,0.0054,-0.0071,-0.0015,0.5546,0.0022,0.4332,0.0131,0.6461,0.0104
20,15,0.0017,0.0034,0.0,0.0037,0.0013,-0.0012,-0.0007,0.0007,0.5816,0.0067,0.4044,0.0104,0.6723,0.0026
21,0,-0.0002,0.0056,0.0016,-0.0008,-0.0012,0.0098,-0.0032,0.0012,0.5252,0.0228,0.4429,0.0123,0.5988,0.0557
21,1,-0.0672,0.0745,-0.0463,-0.2793,-0.0239,-0.0732,-0.0566,-0.0313,0.8868,0.0296,0.0214,0.0653,0.9534,0.008
21,2,-0.0042,0.0073,-0.0054,-0.0056,-0.0005,-0.0064,-0.0064,-0.0084,0.5323,0.0427,0.4131,0.015,0.6053,0.089
21,3,-0.0019,0.0078,0.0005,-0.1331,-0.0015,-0.0007,0.0022,0.0021,0.5709,0.0042,0.4103,0.0177,0.7192,0.0051
21,4,0.0008,0.0045,0.0079,-0.0017,0.0011,0.0281,0.0032,-0.0008,0.5875,0.0014,0.3982,0.016,0.7216,0.0046
21,5,-0.0201,0.0219,-0.0059,-0.0107,-0.0062,-0.006,-0.0069,-0.0047,0.5717,0.0089,0.399,0.0235,0.7325,0.0094
21,6,-0.0042,0.0168,-0.0065,-0.0205,-0.0066,-0.0078,-0.0141,0.0024,0.6706,0.0044,0.2616,0.0665,0.7519,0.0646
21,7,-0.0073,0.0134,-0.0124,-0.0126,0.003,-0.0202,-0.0199,-0.0126,0.7669,0.0098,0.1693,0.0571,0.9577,0.0247
21,8,0.0007,0.0029,0.0015,0.0018,0.0009,0.0011,0.0017,0.0023,0.5749,0.0025,0.4138,0.012,0.693,0.0005
21,9,-0.0007,0.0035,-0.0088,-0.0013,-0.0014,-0.0264,-0.0062,-0.0011,0.6698,0.0002,0.3264,0.0067,0.8537,0.0011
21,10,0.0011,0.0204,-0.0205,0.0079,-0.0426,-0.0192,-0.0274,0.0071,0.5871,0.0153,0.35,0.0507,0.8555,0.0293
21,11,0.0014,0.0054,0.0004,0.0158,-0.0001,-0.0003,0.0007,0.0012,0.6105,0.0031,0.3623,0.0271,0.7706,0.0007
21,12,-0.0014,0.0071,0.0013,-0.0279,0.0083,-0.0057,0.0009,0.0018,0.4825,0.011,0.4733,0.0362,0.4993,0.0161
21,13,-0.0016,0.0032,-0.0014,0.0008,-0.0008,-0.0013,-0.0026,-0.0009,0.6507,0.0051,0.3391,0.0082,0.8496,0.0004
21,14,-0.0507,0.0785,-0.0146,-0.1799,0.053,-0.0927,-0.0286,0.0101,0.4632,0.0069,0.3847,0.1483,0.6611,0.0949
21,15,0.0376,0.0645,0.0427,0.2011,0.0376,0.006,0.0528,0.0742,0.4009,0.0077,0.2995,0.295,0.2204,0.0128
22,0,0.0014,0.0245,0.0027,-0.0407,-0.0328,0.0054,0.044,-0.0058,0.4209,0.0063,0.5398,0.0362,0.6534,0.0227
22,1,0.0011,0.0078,0.0006,0.1664,-0.003,0.0046,-0.0025,0.003,0.6,0.0164,0.3589,0.0278,0.6633,0.0567
22,2,0.0157,0.0401,-0.019,0.0087,-0.0066,-0.0401,-0.0064,-0.0231,0.4338,0.0068,0.5151,0.0474,0.7439,0.0059
22,3,0.0007,0.0102,-0.021,-0.0144,0.0109,-0.0851,-0.0036,-0.0061,0.5954,0.0069,0.3834,0.0173,0.7424,0.0019
22,4,0.0015,0.0034,-0.0018,0.0072,-0.0016,-0.0018,-0.0026,-0.001,0.5824,0.0062,0.4023,0.0122,0.8099,0.0037
22,5,-0.0022,0.0043,0.0013,-0.0083,-0.0001,0.005,0.0006,-0.0005,0.6783,0.0023,0.3036,0.0188,0.9125,0.0079
22,6,0.0,0.0017,-0.0019,-0.0057,-0.0009,-0.0039,-0.0012,-0.0017,0.6082,0.0047,0.3724,0.0177,0.9079,0.0005
22,7,-0.0029,0.0066,0.0036,0.0532,0.0045,0.0022,0.0023,0.0054,0.6644,0.0021,0.3148,0.0218,0.9296,0.0002
22,8,-0.0027,0.0045,0.0025,-0.0664,0.0046,0.0014,0.0025,0.0017,0.6603,0.0012,0.3301,0.0115,0.8349,0.0028
22,9,-0.0716,0.0834,-0.067,-0.1775,-0.0201,-0.1747,-0.031,-0.0422,0.513,0.0044,0.4217,0.0639,0.78,0.0371
22,10,-0.0009,0.0087,0.0021,0.0014,0.001,0.0018,0.0026,0.0031,0.6325,0.0099,0.341,0.0197,0.8949,0.0004
22,11,0.0005,0.0048,-0.001,0.0017,-0.0005,-0.0036,0.0006,-0.0004,0.5483,0.008,0.4098,0.0371,0.6879,0.0141
22,12,-0.1295,0.1314,-0.0474,-0.2834,-0.0374,-0.0214,-0.0697,-0.0612,0.8075,0.0359,0.0161,0.1435,0.4155,0.3101
22,13,-0.033,0.0359,-0.0967,-0.0484,-0.0035,-0.3165,-0.0288,-0.038,0.5861,0.0002,0.3944,0.0225,0.8731,0.0013
22,14,-0.0004,0.0038,0.0094,0.0052,0.0011,0.0341,0.0018,0.0007,0.7031,0.0001,0.292,0.008,0.943,0.0005
22,15,-0.009,0.0151,-0.0016,-0.0085,0.0153,-0.0093,-0.0097,-0.0026,0.6164,0.0013,0.2994,0.0859,0.8349,0.0009
23,0,-0.0447,0.0603,-0.049,-0.0664,-0.011,-0.0325,-0.0982,-0.0541,0.4801,0.0092,0.4024,0.1113,0.9144,0.0148
23,1,-0.0123,0.0146,-0.0028,0.0038,-0.0053,-0.0087,-0.007,0.0098,0.634,0.0135,0.2176,0.1379,0.7019,0.0351
23,2,-0.0508,0.0529,-0.0371,-0.0728,-0.0649,-0.0504,-0.0029,-0.0302,0.5632,0.0072,0.3937,0.0389,0.9871,0.0005
23,3,-0.0407,0.0409,-0.0566,-0.0376,-0.0298,-0.0559,-0.0868,-0.0538,0.562,0.0019,0.3764,0.0628,0.9331,0.0048
23,4,-0.0131,0.0132,-0.0087,-0.0145,-0.0085,-0.0073,-0.0097,-0.0092,0.7385,0.0004,0.2508,0.0133,0.9608,0.0001
23,5,-0.0457,0.0472,-0.0411,-0.089,-0.0299,-0.0584,-0.0342,-0.042,0.6943,0.0048,0.2871,0.0169,0.8696,0.0139
23,6,-0.0002,0.0044,-0.0034,-0.003,-0.0016,-0.0108,-0.0003,-0.0009,0.6856,0.0005,0.2851,0.0319,0.9419,0.0001
23,7,-0.0013,0.0094,0.0014,0.0135,0.0052,-0.0033,-0.0024,0.006,0.6281,0.0114,0.3108,0.0528,0.7402,0.0023
23,8,-0.0159,0.0169,-0.0164,-0.0095,-0.018,-0.0221,-0.0115,-0.014,0.7581,0.0053,0.2294,0.0103,0.9271,0.0037
23,9,-0.1045,0.1082,-0.0808,-0.149,-0.0799,-0.1058,-0.0694,-0.0682,0.6469,0.0272,0.1302,0.1988,0.6281,0.1108
23,10,-0.1072,0.1076,-0.1184,-0.1449,-0.0886,-0.1234,-0.1206,-0.1409,0.7555,0.0167,0.1502,0.0807,0.9837,0.007
23,11,-0.031,0.0316,-0.0217,-0.0206,-0.0221,-0.0293,-0.011,-0.0245,0.5157,0.0096,0.4543,0.0235,0.7526,0.0065
23,12,0.0006,0.016,0.0036,0.038,0.0011,-0.0095,0.0135,0.0096,0.7818,0.0023,0.2063,0.0127,0.9139,0.0022
23,13,-0.0035,0.0143,0.0094,-0.0181,0.0168,-0.0445,0.0522,0.0133,0.6712,0.0084,0.2856,0.0379,0.9979,0.0004
23,14,-0.0217,0.0308,-0.0182,-0.0286,-0.0152,-0.0308,-0.0132,-0.0138,0.4753,0.0167,0.4019,0.1092,0.5761,0.0024
23,15,-0.0148,0.0247,-0.0134,-0.0088,0.0359,-0.0425,-0.029,-0.018,0.4154,0.0084,0.4724,0.1068,0.6992,0.0353
